_id,participant_id,image_id,image_order,action,client_timestamp,created_at,__v
698ea306eb773fbb3e057e03,a4bb0f98-439e-4c8e-8cb3-3bf36b59f766,real_08,1,TRIGGER_MENU,1770955525386,Fri Feb 13 2026 04:05:26 GMT+0000 (Coordinated Universal Time),0
698ea308eb773fbb3e057e07,a4bb0f98-439e-4c8e-8cb3-3bf36b59f766,real_08,1,TRIGGER_MENU,1770955528213,Fri Feb 13 2026 04:05:28 GMT+0000 (Coordinated Universal Time),0
698ea30aeb773fbb3e057e09,a4bb0f98-439e-4c8e-8cb3-3bf36b59f766,real_08,1,OPEN_LENS,1770955530133,Fri Feb 13 2026 04:05:30 GMT+0000 (Coordinated Universal Time),0
698ea30beb773fbb3e057e0b,a4bb0f98-439e-4c8e-8cb3-3bf36b59f766,real_08,1,SCROLL_LENS,1770955531537,Fri Feb 13 2026 04:05:31 GMT+0000 (Coordinated Universal Time),0
698ea31feb773fbb3e057e0d,a4bb0f98-439e-4c8e-8cb3-3bf36b59f766,real_08,1,TRIGGER_MENU,1770955550990,Fri Feb 13 2026 04:05:51 GMT+0000 (Coordinated Universal Time),0
698ea320eb773fbb3e057e0f,a4bb0f98-439e-4c8e-8cb3-3bf36b59f766,real_08,1,OPEN_LENS,1770955552413,Fri Feb 13 2026 04:05:52 GMT+0000 (Coordinated Universal Time),0
698ea331eb773fbb3e057e15,a4bb0f98-439e-4c8e-8cb3-3bf36b59f766,ai_15,2,TRIGGER_MENU,1770955569445,Fri Feb 13 2026 04:06:09 GMT+0000 (Coordinated Universal Time),0
698ea332eb773fbb3e057e17,a4bb0f98-439e-4c8e-8cb3-3bf36b59f766,ai_15,2,OPEN_LENS,1770955570483,Fri Feb 13 2026 04:06:10 GMT+0000 (Coordinated Universal Time),0
698ea333eb773fbb3e057e19,a4bb0f98-439e-4c8e-8cb3-3bf36b59f766,ai_15,2,SCROLL_LENS,1770955571442,Fri Feb 13 2026 04:06:11 GMT+0000 (Coordinated Universal Time),0
698f3c5218baa47d461b59e0,bc10487b-b5d3-4bd4-b884-d4faca56ad31,real_06,1,TRIGGER_MENU,1770994769922,Fri Feb 13 2026 14:59:30 GMT+0000 (Coordinated Universal Time),0
698f3c5218baa47d461b59e4,bc10487b-b5d3-4bd4-b884-d4faca56ad31,real_06,1,OPEN_LENS,1770994770892,Fri Feb 13 2026 14:59:30 GMT+0000 (Coordinated Universal Time),0
698f3c5e18baa47d461b59e6,bc10487b-b5d3-4bd4-b884-d4faca56ad31,real_06,1,CLICK_RESULT,1770994782312,Fri Feb 13 2026 14:59:42 GMT+0000 (Coordinated Universal Time),0
698f3c6918baa47d461b59eb,bc10487b-b5d3-4bd4-b884-d4faca56ad31,ai_12,2,TRIGGER_MENU,1770994793373,Fri Feb 13 2026 14:59:53 GMT+0000 (Coordinated Universal Time),0
698f3c6a18baa47d461b59ee,bc10487b-b5d3-4bd4-b884-d4faca56ad31,ai_12,2,OPEN_LENS,1770994794332,Fri Feb 13 2026 14:59:54 GMT+0000 (Coordinated Universal Time),0
698f3c8418baa47d461b59f4,f97b3d32-51b8-4553-9771-496058feaf13,ai_16,1,TRIGGER_MENU,1770994820261,Fri Feb 13 2026 15:00:20 GMT+0000 (Coordinated Universal Time),0
698f3c8518baa47d461b59f6,f97b3d32-51b8-4553-9771-496058feaf13,ai_16,1,OPEN_LENS,1770994821152,Fri Feb 13 2026 15:00:21 GMT+0000 (Coordinated Universal Time),0
698f3c9218baa47d461b59fa,f97b3d32-51b8-4553-9771-496058feaf13,real_16,2,TRIGGER_MENU,1770994834861,Fri Feb 13 2026 15:00:34 GMT+0000 (Coordinated Universal Time),0
698f3c9418baa47d461b59fc,f97b3d32-51b8-4553-9771-496058feaf13,real_16,2,OPEN_LENS,1770994835983,Fri Feb 13 2026 15:00:36 GMT+0000 (Coordinated Universal Time),0
698f3c9a18baa47d461b59fe,f97b3d32-51b8-4553-9771-496058feaf13,real_16,2,CLICK_RESULT,1770994842623,Fri Feb 13 2026 15:00:42 GMT+0000 (Coordinated Universal Time),0
698f3ca418baa47d461b5a00,f97b3d32-51b8-4553-9771-496058feaf13,real_16,2,TRIGGER_MENU,1770994852603,Fri Feb 13 2026 15:00:52 GMT+0000 (Coordinated Universal Time),0
698f3ca518baa47d461b5a02,f97b3d32-51b8-4553-9771-496058feaf13,real_16,2,OPEN_LENS,1770994853324,Fri Feb 13 2026 15:00:53 GMT+0000 (Coordinated Universal Time),0
698f3ca618baa47d461b5a04,f97b3d32-51b8-4553-9771-496058feaf13,real_16,2,CLICK_RESULT,1770994854206,Fri Feb 13 2026 15:00:54 GMT+0000 (Coordinated Universal Time),0
698f3cc218baa47d461b5a0a,d9deda57-a8ad-4ff9-9851-725e7ea520fc,ai_06,1,TRIGGER_MENU,1770994882342,Fri Feb 13 2026 15:01:22 GMT+0000 (Coordinated Universal Time),0
698f3cc218baa47d461b5a0c,d9deda57-a8ad-4ff9-9851-725e7ea520fc,ai_06,1,OPEN_LENS,1770994882955,Fri Feb 13 2026 15:01:22 GMT+0000 (Coordinated Universal Time),0
698f3cc918baa47d461b5a10,d9deda57-a8ad-4ff9-9851-725e7ea520fc,real_18,2,TRIGGER_MENU,1770994889852,Fri Feb 13 2026 15:01:29 GMT+0000 (Coordinated Universal Time),0
698f3cca18baa47d461b5a12,d9deda57-a8ad-4ff9-9851-725e7ea520fc,real_18,2,OPEN_LENS,1770994890603,Fri Feb 13 2026 15:01:30 GMT+0000 (Coordinated Universal Time),0
698f3cdb18baa47d461b5a18,fa75b475-83cd-4fb3-9432-bb63132530e0,real_07,1,TRIGGER_MENU,1770994907432,Fri Feb 13 2026 15:01:47 GMT+0000 (Coordinated Universal Time),0
698f3cdc18baa47d461b5a1a,fa75b475-83cd-4fb3-9432-bb63132530e0,real_07,1,OPEN_LENS,1770994908343,Fri Feb 13 2026 15:01:48 GMT+0000 (Coordinated Universal Time),0
698f3ce518baa47d461b5a1e,fa75b475-83cd-4fb3-9432-bb63132530e0,ai_15,2,TRIGGER_MENU,1770994917774,Fri Feb 13 2026 15:01:57 GMT+0000 (Coordinated Universal Time),0
698f3ce618baa47d461b5a20,fa75b475-83cd-4fb3-9432-bb63132530e0,ai_15,2,OPEN_LENS,1770994918383,Fri Feb 13 2026 15:01:58 GMT+0000 (Coordinated Universal Time),0
698f3f6918baa47d461b5a26,9ae6ecff-9b51-4df5-9a1d-89364506f78d,real_03,1,TRIGGER_MENU,1770995561775,Fri Feb 13 2026 15:12:41 GMT+0000 (Coordinated Universal Time),0
698f3f6a18baa47d461b5a28,9ae6ecff-9b51-4df5-9a1d-89364506f78d,real_03,1,OPEN_LENS,1770995562465,Fri Feb 13 2026 15:12:42 GMT+0000 (Coordinated Universal Time),0
698f3f7718baa47d461b5a2c,9ae6ecff-9b51-4df5-9a1d-89364506f78d,ai_17,2,TRIGGER_MENU,1770995575427,Fri Feb 13 2026 15:12:55 GMT+0000 (Coordinated Universal Time),0
698f3f7818baa47d461b5a2e,9ae6ecff-9b51-4df5-9a1d-89364506f78d,ai_17,2,OPEN_LENS,1770995576007,Fri Feb 13 2026 15:12:56 GMT+0000 (Coordinated Universal Time),0
698f3f7b18baa47d461b5a30,9ae6ecff-9b51-4df5-9a1d-89364506f78d,ai_17,2,TRIGGER_MENU,1770995579697,Fri Feb 13 2026 15:12:59 GMT+0000 (Coordinated Universal Time),0
698f3f7c18baa47d461b5a32,9ae6ecff-9b51-4df5-9a1d-89364506f78d,ai_17,2,OPEN_LENS,1770995580667,Fri Feb 13 2026 15:13:00 GMT+0000 (Coordinated Universal Time),0
698f3f9218baa47d461b5a38,0be7c3d2-79a9-4401-9546-18646b2979c3,ai_04,1,TRIGGER_MENU,1770995602436,Fri Feb 13 2026 15:13:22 GMT+0000 (Coordinated Universal Time),0
698f3f9318baa47d461b5a3a,0be7c3d2-79a9-4401-9546-18646b2979c3,ai_04,1,OPEN_LENS,1770995603287,Fri Feb 13 2026 15:13:23 GMT+0000 (Coordinated Universal Time),0
698f3fa418baa47d461b5a3e,0be7c3d2-79a9-4401-9546-18646b2979c3,real_15,2,TRIGGER_MENU,1770995620546,Fri Feb 13 2026 15:13:40 GMT+0000 (Coordinated Universal Time),0
698f3fa518baa47d461b5a40,0be7c3d2-79a9-4401-9546-18646b2979c3,real_15,2,OPEN_LENS,1770995621356,Fri Feb 13 2026 15:13:41 GMT+0000 (Coordinated Universal Time),0
698f3fb918baa47d461b5a46,d380be9c-f79b-4c46-89fe-bd0949088c65,ai_03,1,TRIGGER_MENU,1770995641188,Fri Feb 13 2026 15:14:01 GMT+0000 (Coordinated Universal Time),0
698f3fb918baa47d461b5a48,d380be9c-f79b-4c46-89fe-bd0949088c65,ai_03,1,OPEN_LENS,1770995641776,Fri Feb 13 2026 15:14:01 GMT+0000 (Coordinated Universal Time),0
699138ad4d9024c3490a8754,43668c5c-bd50-42b8-aae8-2775bda931f4,real_05,1,TRIGGER_MENU,1771124909481,Sun Feb 15 2026 03:08:29 GMT+0000 (Coordinated Universal Time),0
699138ae4d9024c3490a8757,43668c5c-bd50-42b8-aae8-2775bda931f4,real_05,1,OPEN_LENS,1771124910201,Sun Feb 15 2026 03:08:30 GMT+0000 (Coordinated Universal Time),0
6991e3934d9024c3490a8766,eb945207-123c-4a99-be1f-50bbb8986b39,real_18,1,TRIGGER_MENU,1771168659344,Sun Feb 15 2026 15:17:39 GMT+0000 (Coordinated Universal Time),0
6991e3944d9024c3490a8768,eb945207-123c-4a99-be1f-50bbb8986b39,real_18,1,OPEN_LENS,1771168660694,Sun Feb 15 2026 15:17:40 GMT+0000 (Coordinated Universal Time),0
6991e39f4d9024c3490a876c,eb945207-123c-4a99-be1f-50bbb8986b39,ai_09,2,TRIGGER_MENU,1771168671276,Sun Feb 15 2026 15:17:51 GMT+0000 (Coordinated Universal Time),0
6991e3a04d9024c3490a876e,eb945207-123c-4a99-be1f-50bbb8986b39,ai_09,2,OPEN_LENS,1771168672136,Sun Feb 15 2026 15:17:52 GMT+0000 (Coordinated Universal Time),0
6991e6024d9024c3490a877a,b26e31c2-9dc4-4a3c-bd34-3a1847ccedee,real_09,1,TRIGGER_MENU,1771169282807,Sun Feb 15 2026 15:28:02 GMT+0000 (Coordinated Universal Time),0
6991e6034d9024c3490a877c,b26e31c2-9dc4-4a3c-bd34-3a1847ccedee,real_09,1,OPEN_LENS,1771169283537,Sun Feb 15 2026 15:28:03 GMT+0000 (Coordinated Universal Time),0
69929e57e87b8f856ad0e866,1785ee56-b949-47e0-b939-b84890159fc7,ai_15,1,TRIGGER_MENU,1771216471063,Mon Feb 16 2026 04:34:31 GMT+0000 (Coordinated Universal Time),0
69929e58e87b8f856ad0e86a,1785ee56-b949-47e0-b939-b84890159fc7,ai_15,1,TRIGGER_MENU,1771216472254,Mon Feb 16 2026 04:34:32 GMT+0000 (Coordinated Universal Time),0
69929e58e87b8f856ad0e86c,1785ee56-b949-47e0-b939-b84890159fc7,ai_15,1,TRIGGER_MENU,1771216472613,Mon Feb 16 2026 04:34:32 GMT+0000 (Coordinated Universal Time),0
69929e59e87b8f856ad0e86e,1785ee56-b949-47e0-b939-b84890159fc7,ai_15,1,TRIGGER_MENU,1771216473422,Mon Feb 16 2026 04:34:33 GMT+0000 (Coordinated Universal Time),0
69929e5ae87b8f856ad0e870,1785ee56-b949-47e0-b939-b84890159fc7,ai_15,1,TRIGGER_MENU,1771216474363,Mon Feb 16 2026 04:34:34 GMT+0000 (Coordinated Universal Time),0
6995d88f496437e97e191d69,f0493927-c796-4d95-aa02-5f2e5cef869c,ai_20,1,TRIGGER_MENU,1771427982870,Wed Feb 18 2026 15:19:43 GMT+0000 (Coordinated Universal Time),0
6995d891496437e97e191d6d,f0493927-c796-4d95-aa02-5f2e5cef869c,ai_20,1,OPEN_LENS,1771427985052,Wed Feb 18 2026 15:19:45 GMT+0000 (Coordinated Universal Time),0
6995d894496437e97e191d6f,f0493927-c796-4d95-aa02-5f2e5cef869c,ai_20,1,SCROLL_LENS,1771427988287,Wed Feb 18 2026 15:19:48 GMT+0000 (Coordinated Universal Time),0
6995d89f496437e97e191d75,f0493927-c796-4d95-aa02-5f2e5cef869c,real_18,2,TRIGGER_MENU,1771427999208,Wed Feb 18 2026 15:19:59 GMT+0000 (Coordinated Universal Time),0
6995d8a1496437e97e191d77,f0493927-c796-4d95-aa02-5f2e5cef869c,real_18,2,OPEN_LENS,1771428000944,Wed Feb 18 2026 15:20:01 GMT+0000 (Coordinated Universal Time),0
6995d8a3496437e97e191d79,f0493927-c796-4d95-aa02-5f2e5cef869c,real_18,2,SCROLL_LENS,1771428002712,Wed Feb 18 2026 15:20:03 GMT+0000 (Coordinated Universal Time),0
6995e5956b87f5292b75043b,e5b0b0cd-26a9-42b4-a375-4b0a75a7a042,real_04,1,TRIGGER_MENU,1771431317543,Wed Feb 18 2026 16:15:17 GMT+0000 (Coordinated Universal Time),0
6995e5976b87f5292b75043d,e5b0b0cd-26a9-42b4-a375-4b0a75a7a042,real_04,1,OPEN_LENS,1771431319197,Wed Feb 18 2026 16:15:19 GMT+0000 (Coordinated Universal Time),0
6995e59a6b87f5292b75043f,e5b0b0cd-26a9-42b4-a375-4b0a75a7a042,real_04,1,SCROLL_LENS,1771431322212,Wed Feb 18 2026 16:15:22 GMT+0000 (Coordinated Universal Time),0
6995e5c96b87f5292b750443,e5b0b0cd-26a9-42b4-a375-4b0a75a7a042,ai_20,2,TRIGGER_MENU,1771431369187,Wed Feb 18 2026 16:16:09 GMT+0000 (Coordinated Universal Time),0
6995e5ca6b87f5292b750445,e5b0b0cd-26a9-42b4-a375-4b0a75a7a042,ai_20,2,OPEN_LENS,1771431370507,Wed Feb 18 2026 16:16:10 GMT+0000 (Coordinated Universal Time),0
6996e126e2e062339e1c34eb,53a03719-535a-4290-96bd-88b6b4a94c86,real_09,1,TRIGGER_MENU,1771495717761,Thu Feb 19 2026 10:08:38 GMT+0000 (Coordinated Universal Time),0
6996e126e2e062339e1c34ed,53a03719-535a-4290-96bd-88b6b4a94c86,real_09,1,OPEN_LENS,1771495718601,Thu Feb 19 2026 10:08:38 GMT+0000 (Coordinated Universal Time),0
69971fa7e2e062339e1c34f4,f29638f5-9501-4248-945e-e555a6ba371e,ai_02,1,TRIGGER_MENU,1771511719027,Thu Feb 19 2026 14:35:19 GMT+0000 (Coordinated Universal Time),0
69971fa8e2e062339e1c34f6,f29638f5-9501-4248-945e-e555a6ba371e,ai_02,1,OPEN_LENS,1771511720580,Thu Feb 19 2026 14:35:20 GMT+0000 (Coordinated Universal Time),0
69971face2e062339e1c34f8,f29638f5-9501-4248-945e-e555a6ba371e,ai_02,1,SCROLL_LENS,1771511724343,Thu Feb 19 2026 14:35:24 GMT+0000 (Coordinated Universal Time),0
69971fc6e2e062339e1c34fc,f29638f5-9501-4248-945e-e555a6ba371e,real_19,2,TRIGGER_MENU,1771511750396,Thu Feb 19 2026 14:35:50 GMT+0000 (Coordinated Universal Time),0
69971fc8e2e062339e1c34fe,f29638f5-9501-4248-945e-e555a6ba371e,real_19,2,OPEN_LENS,1771511751804,Thu Feb 19 2026 14:35:52 GMT+0000 (Coordinated Universal Time),0
69971fcfe2e062339e1c3500,f29638f5-9501-4248-945e-e555a6ba371e,real_19,2,SCROLL_LENS,1771511758918,Thu Feb 19 2026 14:35:59 GMT+0000 (Coordinated Universal Time),0
699748ba967703d1f60361e3,c42eb56b-306b-4aa9-a0e5-80ee6035e356,real_09,1,TRIGGER_MENU,1771522234919,Thu Feb 19 2026 17:30:34 GMT+0000 (Coordinated Universal Time),0
699748bb967703d1f60361e5,c42eb56b-306b-4aa9-a0e5-80ee6035e356,real_09,1,OPEN_LENS,1771522235729,Thu Feb 19 2026 17:30:35 GMT+0000 (Coordinated Universal Time),0
699748c3967703d1f60361e9,c42eb56b-306b-4aa9-a0e5-80ee6035e356,ai_18,2,TRIGGER_MENU,1771522243217,Thu Feb 19 2026 17:30:43 GMT+0000 (Coordinated Universal Time),0
699748c4967703d1f60361eb,c42eb56b-306b-4aa9-a0e5-80ee6035e356,ai_18,2,OPEN_LENS,1771522244100,Thu Feb 19 2026 17:30:44 GMT+0000 (Coordinated Universal Time),0
69974b6f489e114f8a6f5588,3d2f0e65-0917-4a0a-8e0c-969e3f54655f,real_05,1,TRIGGER_MENU,1771522927271,Thu Feb 19 2026 17:42:07 GMT+0000 (Coordinated Universal Time),0
69974b70489e114f8a6f558a,3d2f0e65-0917-4a0a-8e0c-969e3f54655f,real_05,1,OPEN_LENS,1771522928187,Thu Feb 19 2026 17:42:08 GMT+0000 (Coordinated Universal Time),0
69974b71489e114f8a6f558c,3d2f0e65-0917-4a0a-8e0c-969e3f54655f,real_05,1,SCROLL_LENS,1771522929594,Thu Feb 19 2026 17:42:09 GMT+0000 (Coordinated Universal Time),0
6997bce0f726fe57b818829c,deb67b2f-27e3-4189-ab3b-a7a16676d442,real_19,1,TRIGGER_MENU,1771551968746,Fri Feb 20 2026 01:46:08 GMT+0000 (Coordinated Universal Time),0
6997bce2f726fe57b818829e,deb67b2f-27e3-4189-ab3b-a7a16676d442,real_19,1,OPEN_LENS,1771551970582,Fri Feb 20 2026 01:46:10 GMT+0000 (Coordinated Universal Time),0
6997bce5f726fe57b81882a0,deb67b2f-27e3-4189-ab3b-a7a16676d442,real_19,1,SCROLL_LENS,1771551973627,Fri Feb 20 2026 01:46:13 GMT+0000 (Coordinated Universal Time),0
6997db7888f4573a6f59a182,4cda1587-2983-46ea-9449-8ab46029fc28,ai_19,1,TRIGGER_MENU,1771559800554,Fri Feb 20 2026 03:56:40 GMT+0000 (Coordinated Universal Time),0
6997db7988f4573a6f59a184,4cda1587-2983-46ea-9449-8ab46029fc28,ai_19,1,OPEN_LENS,1771559801256,Fri Feb 20 2026 03:56:41 GMT+0000 (Coordinated Universal Time),0
6997db7688f4573a6f59a17e,4cda1587-2983-46ea-9449-8ab46029fc28,ai_19,1,TRIGGER_MENU,1771559796704,Fri Feb 20 2026 03:56:38 GMT+0000 (Coordinated Universal Time),0
6997e078b827d9ae2c101872,92a2c47d-11ff-40b1-8dd2-40ed5ad57c74,real_16,1,TRIGGER_MENU,1771561080853,Fri Feb 20 2026 04:18:00 GMT+0000 (Coordinated Universal Time),0
6997e07ab827d9ae2c101874,92a2c47d-11ff-40b1-8dd2-40ed5ad57c74,real_16,1,OPEN_LENS,1771561082117,Fri Feb 20 2026 04:18:02 GMT+0000 (Coordinated Universal Time),0
6997e480b827d9ae2c1018b5,e2e07f1d-8179-4412-945a-b10e3aea8e2a,real_02,1,TRIGGER_MENU,1771562112816,Fri Feb 20 2026 04:35:12 GMT+0000 (Coordinated Universal Time),0
6997e482b827d9ae2c1018b7,e2e07f1d-8179-4412-945a-b10e3aea8e2a,real_02,1,OPEN_LENS,1771562114156,Fri Feb 20 2026 04:35:14 GMT+0000 (Coordinated Universal Time),0
6997e4deb827d9ae2c1018c7,e2e07f1d-8179-4412-945a-b10e3aea8e2a,real_01,6,TRIGGER_MENU,1771562206113,Fri Feb 20 2026 04:36:46 GMT+0000 (Coordinated Universal Time),0
6997e4dfb827d9ae2c1018c9,e2e07f1d-8179-4412-945a-b10e3aea8e2a,real_01,6,OPEN_LENS,1771562207378,Fri Feb 20 2026 04:36:47 GMT+0000 (Coordinated Universal Time),0
6997e4ebb827d9ae2c1018cd,e2e07f1d-8179-4412-945a-b10e3aea8e2a,ai_02,7,TRIGGER_MENU,1771562219907,Fri Feb 20 2026 04:36:59 GMT+0000 (Coordinated Universal Time),0
6997e4edb827d9ae2c1018cf,e2e07f1d-8179-4412-945a-b10e3aea8e2a,ai_02,7,OPEN_LENS,1771562220982,Fri Feb 20 2026 04:37:01 GMT+0000 (Coordinated Universal Time),0
6997e4efb827d9ae2c1018d1,e2e07f1d-8179-4412-945a-b10e3aea8e2a,ai_02,7,SCROLL_LENS,1771562223195,Fri Feb 20 2026 04:37:03 GMT+0000 (Coordinated Universal Time),0
6997e509b827d9ae2c1018d9,e2e07f1d-8179-4412-945a-b10e3aea8e2a,real_03,10,TRIGGER_MENU,1771562249262,Fri Feb 20 2026 04:37:29 GMT+0000 (Coordinated Universal Time),0
6997e50ab827d9ae2c1018db,e2e07f1d-8179-4412-945a-b10e3aea8e2a,real_03,10,OPEN_LENS,1771562250472,Fri Feb 20 2026 04:37:30 GMT+0000 (Coordinated Universal Time),0
6997e517b827d9ae2c1018df,e2e07f1d-8179-4412-945a-b10e3aea8e2a,real_05,11,TRIGGER_MENU,1771562263333,Fri Feb 20 2026 04:37:43 GMT+0000 (Coordinated Universal Time),0
6997e518b827d9ae2c1018e1,e2e07f1d-8179-4412-945a-b10e3aea8e2a,real_05,11,OPEN_LENS,1771562264653,Fri Feb 20 2026 04:37:44 GMT+0000 (Coordinated Universal Time),0
6997e52ab827d9ae2c1018e9,e2e07f1d-8179-4412-945a-b10e3aea8e2a,real_15,13,TRIGGER_MENU,1771562282603,Fri Feb 20 2026 04:38:02 GMT+0000 (Coordinated Universal Time),0
6997e52bb827d9ae2c1018eb,e2e07f1d-8179-4412-945a-b10e3aea8e2a,real_15,13,OPEN_LENS,1771562283271,Fri Feb 20 2026 04:38:03 GMT+0000 (Coordinated Universal Time),0
6997e537b827d9ae2c1018ef,e2e07f1d-8179-4412-945a-b10e3aea8e2a,real_16,14,TRIGGER_MENU,1771562295371,Fri Feb 20 2026 04:38:15 GMT+0000 (Coordinated Universal Time),0
6997e538b827d9ae2c1018f1,e2e07f1d-8179-4412-945a-b10e3aea8e2a,real_16,14,OPEN_LENS,1771562296547,Fri Feb 20 2026 04:38:16 GMT+0000 (Coordinated Universal Time),0
6997e542b827d9ae2c1018f5,e2e07f1d-8179-4412-945a-b10e3aea8e2a,real_14,15,TRIGGER_MENU,1771562306458,Fri Feb 20 2026 04:38:26 GMT+0000 (Coordinated Universal Time),0
6997e543b827d9ae2c1018f7,e2e07f1d-8179-4412-945a-b10e3aea8e2a,real_14,15,OPEN_LENS,1771562307650,Fri Feb 20 2026 04:38:27 GMT+0000 (Coordinated Universal Time),0
6997e553b827d9ae2c1018fb,e2e07f1d-8179-4412-945a-b10e3aea8e2a,real_12,16,TRIGGER_MENU,1771562323695,Fri Feb 20 2026 04:38:43 GMT+0000 (Coordinated Universal Time),0
6997e557b827d9ae2c1018fd,e2e07f1d-8179-4412-945a-b10e3aea8e2a,real_12,16,TRIGGER_MENU,1771562327413,Fri Feb 20 2026 04:38:47 GMT+0000 (Coordinated Universal Time),0
6997e559b827d9ae2c1018ff,e2e07f1d-8179-4412-945a-b10e3aea8e2a,real_12,16,OPEN_LENS,1771562328898,Fri Feb 20 2026 04:38:49 GMT+0000 (Coordinated Universal Time),0
6997e569b827d9ae2c101905,e2e07f1d-8179-4412-945a-b10e3aea8e2a,ai_15,18,TRIGGER_MENU,1771562345116,Fri Feb 20 2026 04:39:05 GMT+0000 (Coordinated Universal Time),0
6997e593b827d9ae2c10190b,e2e07f1d-8179-4412-945a-b10e3aea8e2a,real_11,20,TRIGGER_MENU,1771562387006,Fri Feb 20 2026 04:39:47 GMT+0000 (Coordinated Universal Time),0
6997e594b827d9ae2c10190d,e2e07f1d-8179-4412-945a-b10e3aea8e2a,real_11,20,OPEN_LENS,1771562388716,Fri Feb 20 2026 04:39:48 GMT+0000 (Coordinated Universal Time),0
6997e59eb827d9ae2c101911,e2e07f1d-8179-4412-945a-b10e3aea8e2a,ai_04,21,TRIGGER_MENU,1771562398026,Fri Feb 20 2026 04:39:58 GMT+0000 (Coordinated Universal Time),0
6997e59fb827d9ae2c101913,e2e07f1d-8179-4412-945a-b10e3aea8e2a,ai_04,21,OPEN_LENS,1771562399616,Fri Feb 20 2026 04:39:59 GMT+0000 (Coordinated Universal Time),0
6997e5d4b827d9ae2c10191b,e2e07f1d-8179-4412-945a-b10e3aea8e2a,real_20,23,TRIGGER_MENU,1771562452654,Fri Feb 20 2026 04:40:52 GMT+0000 (Coordinated Universal Time),0
6997e5d6b827d9ae2c10191d,e2e07f1d-8179-4412-945a-b10e3aea8e2a,real_20,23,OPEN_LENS,1771562454046,Fri Feb 20 2026 04:40:54 GMT+0000 (Coordinated Universal Time),0
6998719fb827d9ae2c1019d3,5f3f97ac-9e99-4b02-b2f8-50f82e7545b5,real_11,1,TRIGGER_MENU,1771598239794,Fri Feb 20 2026 14:37:19 GMT+0000 (Coordinated Universal Time),0
6998719fb827d9ae2c1019d5,5f3f97ac-9e99-4b02-b2f8-50f82e7545b5,real_11,1,TRIGGER_MENU,1771598239869,Fri Feb 20 2026 14:37:19 GMT+0000 (Coordinated Universal Time),0
699871a7b827d9ae2c1019d7,5f3f97ac-9e99-4b02-b2f8-50f82e7545b5,real_11,1,TRIGGER_MENU,1771598247616,Fri Feb 20 2026 14:37:27 GMT+0000 (Coordinated Universal Time),0
699871a7b827d9ae2c1019d9,5f3f97ac-9e99-4b02-b2f8-50f82e7545b5,real_11,1,TRIGGER_MENU,1771598247692,Fri Feb 20 2026 14:37:27 GMT+0000 (Coordinated Universal Time),0
699871aeb827d9ae2c1019db,5f3f97ac-9e99-4b02-b2f8-50f82e7545b5,real_11,1,OPEN_LENS,1771598254705,Fri Feb 20 2026 14:37:34 GMT+0000 (Coordinated Universal Time),0
699871b8b827d9ae2c1019dd,5f3f97ac-9e99-4b02-b2f8-50f82e7545b5,real_11,1,SCROLL_LENS,1771598264010,Fri Feb 20 2026 14:37:44 GMT+0000 (Coordinated Universal Time),0
699871efb827d9ae2c1019e1,5f3f97ac-9e99-4b02-b2f8-50f82e7545b5,ai_02,2,TRIGGER_MENU,1771598319396,Fri Feb 20 2026 14:38:39 GMT+0000 (Coordinated Universal Time),0
699871efb827d9ae2c1019e3,5f3f97ac-9e99-4b02-b2f8-50f82e7545b5,ai_02,2,TRIGGER_MENU,1771598319473,Fri Feb 20 2026 14:38:39 GMT+0000 (Coordinated Universal Time),0
699871f5b827d9ae2c1019e5,5f3f97ac-9e99-4b02-b2f8-50f82e7545b5,ai_02,2,OPEN_LENS,1771598325551,Fri Feb 20 2026 14:38:45 GMT+0000 (Coordinated Universal Time),0
699871f7b827d9ae2c1019e7,5f3f97ac-9e99-4b02-b2f8-50f82e7545b5,ai_02,2,SCROLL_LENS,1771598327935,Fri Feb 20 2026 14:38:47 GMT+0000 (Coordinated Universal Time),0
69987211b827d9ae2c1019eb,5f3f97ac-9e99-4b02-b2f8-50f82e7545b5,ai_16,3,TRIGGER_MENU,1771598353637,Fri Feb 20 2026 14:39:13 GMT+0000 (Coordinated Universal Time),0
69987211b827d9ae2c1019ed,5f3f97ac-9e99-4b02-b2f8-50f82e7545b5,ai_16,3,TRIGGER_MENU,1771598353724,Fri Feb 20 2026 14:39:13 GMT+0000 (Coordinated Universal Time),0
69987213b827d9ae2c1019ef,5f3f97ac-9e99-4b02-b2f8-50f82e7545b5,ai_16,3,OPEN_LENS,1771598355323,Fri Feb 20 2026 14:39:15 GMT+0000 (Coordinated Universal Time),0
69987216b827d9ae2c1019f1,5f3f97ac-9e99-4b02-b2f8-50f82e7545b5,ai_16,3,SCROLL_LENS,1771598358005,Fri Feb 20 2026 14:39:18 GMT+0000 (Coordinated Universal Time),0
69987232b827d9ae2c1019f5,5f3f97ac-9e99-4b02-b2f8-50f82e7545b5,real_14,4,TRIGGER_MENU,1771598386681,Fri Feb 20 2026 14:39:46 GMT+0000 (Coordinated Universal Time),0
69987232b827d9ae2c1019f7,5f3f97ac-9e99-4b02-b2f8-50f82e7545b5,real_14,4,TRIGGER_MENU,1771598386758,Fri Feb 20 2026 14:39:46 GMT+0000 (Coordinated Universal Time),0
69987234b827d9ae2c1019f9,5f3f97ac-9e99-4b02-b2f8-50f82e7545b5,real_14,4,OPEN_LENS,1771598388469,Fri Feb 20 2026 14:39:48 GMT+0000 (Coordinated Universal Time),0
69987240b827d9ae2c1019fb,5f3f97ac-9e99-4b02-b2f8-50f82e7545b5,real_14,4,SCROLL_LENS,1771598400238,Fri Feb 20 2026 14:40:00 GMT+0000 (Coordinated Universal Time),0
6998725eb827d9ae2c1019ff,5f3f97ac-9e99-4b02-b2f8-50f82e7545b5,real_03,5,TRIGGER_MENU,1771598430806,Fri Feb 20 2026 14:40:30 GMT+0000 (Coordinated Universal Time),0
69987260b827d9ae2c101a01,5f3f97ac-9e99-4b02-b2f8-50f82e7545b5,real_03,5,OPEN_LENS,1771598432105,Fri Feb 20 2026 14:40:32 GMT+0000 (Coordinated Universal Time),0
699872adb827d9ae2c101a05,5f3f97ac-9e99-4b02-b2f8-50f82e7545b5,ai_15,6,TRIGGER_MENU,1771598509714,Fri Feb 20 2026 14:41:49 GMT+0000 (Coordinated Universal Time),0
699872adb827d9ae2c101a07,5f3f97ac-9e99-4b02-b2f8-50f82e7545b5,ai_15,6,TRIGGER_MENU,1771598509785,Fri Feb 20 2026 14:41:49 GMT+0000 (Coordinated Universal Time),0
699872b2b827d9ae2c101a09,5f3f97ac-9e99-4b02-b2f8-50f82e7545b5,ai_15,6,OPEN_LENS,1771598514052,Fri Feb 20 2026 14:41:54 GMT+0000 (Coordinated Universal Time),0
69987421b827d9ae2c101a0d,5f3f97ac-9e99-4b02-b2f8-50f82e7545b5,ai_08,7,TRIGGER_MENU,1771598881154,Fri Feb 20 2026 14:48:01 GMT+0000 (Coordinated Universal Time),0
69987421b827d9ae2c101a0f,5f3f97ac-9e99-4b02-b2f8-50f82e7545b5,ai_08,7,TRIGGER_MENU,1771598881237,Fri Feb 20 2026 14:48:01 GMT+0000 (Coordinated Universal Time),0
69987422b827d9ae2c101a11,5f3f97ac-9e99-4b02-b2f8-50f82e7545b5,ai_08,7,OPEN_LENS,1771598882153,Fri Feb 20 2026 14:48:02 GMT+0000 (Coordinated Universal Time),0
69987431b827d9ae2c101a13,5f3f97ac-9e99-4b02-b2f8-50f82e7545b5,ai_08,7,TRIGGER_MENU,1771598897015,Fri Feb 20 2026 14:48:17 GMT+0000 (Coordinated Universal Time),0
69987431b827d9ae2c101a15,5f3f97ac-9e99-4b02-b2f8-50f82e7545b5,ai_08,7,TRIGGER_MENU,1771598897095,Fri Feb 20 2026 14:48:17 GMT+0000 (Coordinated Universal Time),0
69987432b827d9ae2c101a17,5f3f97ac-9e99-4b02-b2f8-50f82e7545b5,ai_08,7,OPEN_LENS,1771598898300,Fri Feb 20 2026 14:48:18 GMT+0000 (Coordinated Universal Time),0
6998746ab827d9ae2c101a1d,5f3f97ac-9e99-4b02-b2f8-50f82e7545b5,real_12,9,TRIGGER_MENU,1771598954414,Fri Feb 20 2026 14:49:14 GMT+0000 (Coordinated Universal Time),0
6998746ab827d9ae2c101a1f,5f3f97ac-9e99-4b02-b2f8-50f82e7545b5,real_12,9,TRIGGER_MENU,1771598954492,Fri Feb 20 2026 14:49:14 GMT+0000 (Coordinated Universal Time),0
6998746cb827d9ae2c101a21,5f3f97ac-9e99-4b02-b2f8-50f82e7545b5,real_12,9,OPEN_LENS,1771598956152,Fri Feb 20 2026 14:49:16 GMT+0000 (Coordinated Universal Time),0
69987470b827d9ae2c101a23,5f3f97ac-9e99-4b02-b2f8-50f82e7545b5,real_12,9,TRIGGER_MENU,1771598960773,Fri Feb 20 2026 14:49:20 GMT+0000 (Coordinated Universal Time),0
69987470b827d9ae2c101a25,5f3f97ac-9e99-4b02-b2f8-50f82e7545b5,real_12,9,TRIGGER_MENU,1771598960859,Fri Feb 20 2026 14:49:20 GMT+0000 (Coordinated Universal Time),0
69987472b827d9ae2c101a27,5f3f97ac-9e99-4b02-b2f8-50f82e7545b5,real_12,9,OPEN_LENS,1771598962459,Fri Feb 20 2026 14:49:22 GMT+0000 (Coordinated Universal Time),0
699874b2b827d9ae2c101a2b,5f3f97ac-9e99-4b02-b2f8-50f82e7545b5,ai_09,10,TRIGGER_MENU,1771599025807,Fri Feb 20 2026 14:50:26 GMT+0000 (Coordinated Universal Time),0
699874b2b827d9ae2c101a2d,5f3f97ac-9e99-4b02-b2f8-50f82e7545b5,ai_09,10,TRIGGER_MENU,1771599025721,Fri Feb 20 2026 14:50:26 GMT+0000 (Coordinated Universal Time),0
699874b3b827d9ae2c101a2f,5f3f97ac-9e99-4b02-b2f8-50f82e7545b5,ai_09,10,OPEN_LENS,1771599027326,Fri Feb 20 2026 14:50:27 GMT+0000 (Coordinated Universal Time),0
699874c0b827d9ae2c101a33,5f3f97ac-9e99-4b02-b2f8-50f82e7545b5,ai_01,11,TRIGGER_MENU,1771599040725,Fri Feb 20 2026 14:50:40 GMT+0000 (Coordinated Universal Time),0
699874c2b827d9ae2c101a35,5f3f97ac-9e99-4b02-b2f8-50f82e7545b5,ai_01,11,OPEN_LENS,1771599042153,Fri Feb 20 2026 14:50:42 GMT+0000 (Coordinated Universal Time),0
699874f5b827d9ae2c101a39,5f3f97ac-9e99-4b02-b2f8-50f82e7545b5,real_01,12,TRIGGER_MENU,1771599093224,Fri Feb 20 2026 14:51:33 GMT+0000 (Coordinated Universal Time),0
699874f5b827d9ae2c101a3b,5f3f97ac-9e99-4b02-b2f8-50f82e7545b5,real_01,12,TRIGGER_MENU,1771599093309,Fri Feb 20 2026 14:51:33 GMT+0000 (Coordinated Universal Time),0
699874f6b827d9ae2c101a3d,5f3f97ac-9e99-4b02-b2f8-50f82e7545b5,real_01,12,OPEN_LENS,1771599094260,Fri Feb 20 2026 14:51:34 GMT+0000 (Coordinated Universal Time),0
69987501b827d9ae2c101a41,5f3f97ac-9e99-4b02-b2f8-50f82e7545b5,real_20,13,TRIGGER_MENU,1771599105758,Fri Feb 20 2026 14:51:45 GMT+0000 (Coordinated Universal Time),0
69987501b827d9ae2c101a43,5f3f97ac-9e99-4b02-b2f8-50f82e7545b5,real_20,13,TRIGGER_MENU,1771599105850,Fri Feb 20 2026 14:51:45 GMT+0000 (Coordinated Universal Time),0
69987502b827d9ae2c101a45,5f3f97ac-9e99-4b02-b2f8-50f82e7545b5,real_20,13,OPEN_LENS,1771599106803,Fri Feb 20 2026 14:51:46 GMT+0000 (Coordinated Universal Time),0
69987513b827d9ae2c101a49,5f3f97ac-9e99-4b02-b2f8-50f82e7545b5,real_05,14,TRIGGER_MENU,1771599123274,Fri Feb 20 2026 14:52:03 GMT+0000 (Coordinated Universal Time),0
69987513b827d9ae2c101a4b,5f3f97ac-9e99-4b02-b2f8-50f82e7545b5,real_05,14,TRIGGER_MENU,1771599123346,Fri Feb 20 2026 14:52:03 GMT+0000 (Coordinated Universal Time),0
69987514b827d9ae2c101a4d,5f3f97ac-9e99-4b02-b2f8-50f82e7545b5,real_05,14,OPEN_LENS,1771599124469,Fri Feb 20 2026 14:52:04 GMT+0000 (Coordinated Universal Time),0
69987518b827d9ae2c101a4f,5f3f97ac-9e99-4b02-b2f8-50f82e7545b5,real_05,14,SCROLL_LENS,1771599128046,Fri Feb 20 2026 14:52:08 GMT+0000 (Coordinated Universal Time),0
69987542b827d9ae2c101a55,5f3f97ac-9e99-4b02-b2f8-50f82e7545b5,ai_06,15,TRIGGER_MENU,1771599170581,Fri Feb 20 2026 14:52:50 GMT+0000 (Coordinated Universal Time),0
69987542b827d9ae2c101a53,5f3f97ac-9e99-4b02-b2f8-50f82e7545b5,ai_06,15,TRIGGER_MENU,1771599170497,Fri Feb 20 2026 14:52:50 GMT+0000 (Coordinated Universal Time),0
69987544b827d9ae2c101a57,5f3f97ac-9e99-4b02-b2f8-50f82e7545b5,ai_06,15,OPEN_LENS,1771599172710,Fri Feb 20 2026 14:52:52 GMT+0000 (Coordinated Universal Time),0
69987555b827d9ae2c101a5d,5f3f97ac-9e99-4b02-b2f8-50f82e7545b5,ai_13,17,TRIGGER_MENU,1771599189540,Fri Feb 20 2026 14:53:09 GMT+0000 (Coordinated Universal Time),0
69987555b827d9ae2c101a5f,5f3f97ac-9e99-4b02-b2f8-50f82e7545b5,ai_13,17,TRIGGER_MENU,1771599189613,Fri Feb 20 2026 14:53:09 GMT+0000 (Coordinated Universal Time),0
69987556b827d9ae2c101a61,5f3f97ac-9e99-4b02-b2f8-50f82e7545b5,ai_13,17,OPEN_LENS,1771599190816,Fri Feb 20 2026 14:53:10 GMT+0000 (Coordinated Universal Time),0
6998755eb827d9ae2c101a65,5f3f97ac-9e99-4b02-b2f8-50f82e7545b5,real_04,18,TRIGGER_MENU,1771599198017,Fri Feb 20 2026 14:53:18 GMT+0000 (Coordinated Universal Time),0
6998755eb827d9ae2c101a67,5f3f97ac-9e99-4b02-b2f8-50f82e7545b5,real_04,18,TRIGGER_MENU,1771599198094,Fri Feb 20 2026 14:53:18 GMT+0000 (Coordinated Universal Time),0
6998755fb827d9ae2c101a69,5f3f97ac-9e99-4b02-b2f8-50f82e7545b5,real_04,18,OPEN_LENS,1771599199242,Fri Feb 20 2026 14:53:19 GMT+0000 (Coordinated Universal Time),0
6998756ab827d9ae2c101a6d,5f3f97ac-9e99-4b02-b2f8-50f82e7545b5,ai_19,19,TRIGGER_MENU,1771599210759,Fri Feb 20 2026 14:53:30 GMT+0000 (Coordinated Universal Time),0
6998756ab827d9ae2c101a6f,5f3f97ac-9e99-4b02-b2f8-50f82e7545b5,ai_19,19,TRIGGER_MENU,1771599210846,Fri Feb 20 2026 14:53:30 GMT+0000 (Coordinated Universal Time),0
6998756bb827d9ae2c101a71,5f3f97ac-9e99-4b02-b2f8-50f82e7545b5,ai_19,19,OPEN_LENS,1771599211785,Fri Feb 20 2026 14:53:31 GMT+0000 (Coordinated Universal Time),0
69987576b827d9ae2c101a75,5f3f97ac-9e99-4b02-b2f8-50f82e7545b5,real_15,20,TRIGGER_MENU,1771599222270,Fri Feb 20 2026 14:53:42 GMT+0000 (Coordinated Universal Time),0
69987576b827d9ae2c101a77,5f3f97ac-9e99-4b02-b2f8-50f82e7545b5,real_15,20,TRIGGER_MENU,1771599222345,Fri Feb 20 2026 14:53:42 GMT+0000 (Coordinated Universal Time),0
69987577b827d9ae2c101a79,5f3f97ac-9e99-4b02-b2f8-50f82e7545b5,real_15,20,OPEN_LENS,1771599223389,Fri Feb 20 2026 14:53:43 GMT+0000 (Coordinated Universal Time),0
69987581b827d9ae2c101a7d,5f3f97ac-9e99-4b02-b2f8-50f82e7545b5,ai_18,21,TRIGGER_MENU,1771599233513,Fri Feb 20 2026 14:53:53 GMT+0000 (Coordinated Universal Time),0
69987581b827d9ae2c101a7f,5f3f97ac-9e99-4b02-b2f8-50f82e7545b5,ai_18,21,TRIGGER_MENU,1771599233590,Fri Feb 20 2026 14:53:53 GMT+0000 (Coordinated Universal Time),0
69987582b827d9ae2c101a81,5f3f97ac-9e99-4b02-b2f8-50f82e7545b5,ai_18,21,OPEN_LENS,1771599234496,Fri Feb 20 2026 14:53:54 GMT+0000 (Coordinated Universal Time),0
6998758cb827d9ae2c101a85,5f3f97ac-9e99-4b02-b2f8-50f82e7545b5,real_02,22,TRIGGER_MENU,1771599244373,Fri Feb 20 2026 14:54:04 GMT+0000 (Coordinated Universal Time),0
6998758cb827d9ae2c101a87,5f3f97ac-9e99-4b02-b2f8-50f82e7545b5,real_02,22,TRIGGER_MENU,1771599244462,Fri Feb 20 2026 14:54:04 GMT+0000 (Coordinated Universal Time),0
6998758eb827d9ae2c101a89,5f3f97ac-9e99-4b02-b2f8-50f82e7545b5,real_02,22,OPEN_LENS,1771599246193,Fri Feb 20 2026 14:54:06 GMT+0000 (Coordinated Universal Time),0
699875a6b827d9ae2c101a8d,5f3f97ac-9e99-4b02-b2f8-50f82e7545b5,real_06,23,TRIGGER_MENU,1771599270556,Fri Feb 20 2026 14:54:30 GMT+0000 (Coordinated Universal Time),0
699875a6b827d9ae2c101a8f,5f3f97ac-9e99-4b02-b2f8-50f82e7545b5,real_06,23,TRIGGER_MENU,1771599270639,Fri Feb 20 2026 14:54:30 GMT+0000 (Coordinated Universal Time),0
699875a8b827d9ae2c101a91,5f3f97ac-9e99-4b02-b2f8-50f82e7545b5,real_06,23,OPEN_LENS,1771599272618,Fri Feb 20 2026 14:54:32 GMT+0000 (Coordinated Universal Time),0
69987712b827d9ae2c101aab,70d96c86-c17b-45aa-9c25-d845eecf5473,ai_01,3,TRIGGER_MENU,1771599634123,Fri Feb 20 2026 15:00:34 GMT+0000 (Coordinated Universal Time),0
69987712b827d9ae2c101aad,70d96c86-c17b-45aa-9c25-d845eecf5473,ai_01,3,TRIGGER_MENU,1771599634181,Fri Feb 20 2026 15:00:34 GMT+0000 (Coordinated Universal Time),0
69987713b827d9ae2c101aaf,70d96c86-c17b-45aa-9c25-d845eecf5473,ai_01,3,OPEN_LENS,1771599635088,Fri Feb 20 2026 15:00:35 GMT+0000 (Coordinated Universal Time),0
69987726b827d9ae2c101ab3,70d96c86-c17b-45aa-9c25-d845eecf5473,real_16,4,TRIGGER_MENU,1771599654813,Fri Feb 20 2026 15:00:54 GMT+0000 (Coordinated Universal Time),0
69987728b827d9ae2c101ab5,70d96c86-c17b-45aa-9c25-d845eecf5473,real_16,4,OPEN_LENS,1771599656076,Fri Feb 20 2026 15:00:56 GMT+0000 (Coordinated Universal Time),0
6998774ab827d9ae2c101ac3,70d96c86-c17b-45aa-9c25-d845eecf5473,real_14,10,TRIGGER_MENU,1771599690160,Fri Feb 20 2026 15:01:30 GMT+0000 (Coordinated Universal Time),0
6998774ab827d9ae2c101ac5,70d96c86-c17b-45aa-9c25-d845eecf5473,real_14,10,TRIGGER_MENU,1771599690238,Fri Feb 20 2026 15:01:30 GMT+0000 (Coordinated Universal Time),0
6998774bb827d9ae2c101ac7,70d96c86-c17b-45aa-9c25-d845eecf5473,real_14,10,OPEN_LENS,1771599691109,Fri Feb 20 2026 15:01:31 GMT+0000 (Coordinated Universal Time),0
6998775ab827d9ae2c101ac9,70d96c86-c17b-45aa-9c25-d845eecf5473,real_14,10,TRIGGER_MENU,1771599706219,Fri Feb 20 2026 15:01:46 GMT+0000 (Coordinated Universal Time),0
6998775ab827d9ae2c101acb,70d96c86-c17b-45aa-9c25-d845eecf5473,real_14,10,TRIGGER_MENU,1771599706309,Fri Feb 20 2026 15:01:46 GMT+0000 (Coordinated Universal Time),0
6998775bb827d9ae2c101acd,70d96c86-c17b-45aa-9c25-d845eecf5473,real_14,10,OPEN_LENS,1771599707052,Fri Feb 20 2026 15:01:47 GMT+0000 (Coordinated Universal Time),0
6998776fb827d9ae2c101ad5,70d96c86-c17b-45aa-9c25-d845eecf5473,ai_08,13,TRIGGER_MENU,1771599727030,Fri Feb 20 2026 15:02:07 GMT+0000 (Coordinated Universal Time),0
6998776fb827d9ae2c101ad7,70d96c86-c17b-45aa-9c25-d845eecf5473,ai_08,13,TRIGGER_MENU,1771599727103,Fri Feb 20 2026 15:02:07 GMT+0000 (Coordinated Universal Time),0
69987770b827d9ae2c101ad9,70d96c86-c17b-45aa-9c25-d845eecf5473,ai_08,13,OPEN_LENS,1771599728276,Fri Feb 20 2026 15:02:08 GMT+0000 (Coordinated Universal Time),0
6998777ab827d9ae2c101add,70d96c86-c17b-45aa-9c25-d845eecf5473,real_04,14,TRIGGER_MENU,1771599738202,Fri Feb 20 2026 15:02:18 GMT+0000 (Coordinated Universal Time),0
6998777ab827d9ae2c101adf,70d96c86-c17b-45aa-9c25-d845eecf5473,real_04,14,TRIGGER_MENU,1771599738279,Fri Feb 20 2026 15:02:18 GMT+0000 (Coordinated Universal Time),0
6998777bb827d9ae2c101ae1,70d96c86-c17b-45aa-9c25-d845eecf5473,real_04,14,OPEN_LENS,1771599739232,Fri Feb 20 2026 15:02:19 GMT+0000 (Coordinated Universal Time),0
69987783b827d9ae2c101ae5,70d96c86-c17b-45aa-9c25-d845eecf5473,ai_16,15,TRIGGER_MENU,1771599747468,Fri Feb 20 2026 15:02:27 GMT+0000 (Coordinated Universal Time),0
69987783b827d9ae2c101ae7,70d96c86-c17b-45aa-9c25-d845eecf5473,ai_16,15,TRIGGER_MENU,1771599747536,Fri Feb 20 2026 15:02:27 GMT+0000 (Coordinated Universal Time),0
69987784b827d9ae2c101ae9,70d96c86-c17b-45aa-9c25-d845eecf5473,ai_16,15,OPEN_LENS,1771599748363,Fri Feb 20 2026 15:02:28 GMT+0000 (Coordinated Universal Time),0
699877a0b827d9ae2c101af7,70d96c86-c17b-45aa-9c25-d845eecf5473,real_20,21,TRIGGER_MENU,1771599776225,Fri Feb 20 2026 15:02:56 GMT+0000 (Coordinated Universal Time),0
699877a0b827d9ae2c101af9,70d96c86-c17b-45aa-9c25-d845eecf5473,real_20,21,TRIGGER_MENU,1771599776302,Fri Feb 20 2026 15:02:56 GMT+0000 (Coordinated Universal Time),0
699877a1b827d9ae2c101afb,70d96c86-c17b-45aa-9c25-d845eecf5473,real_20,21,OPEN_LENS,1771599777045,Fri Feb 20 2026 15:02:57 GMT+0000 (Coordinated Universal Time),0
699877a4b827d9ae2c101afd,70d96c86-c17b-45aa-9c25-d845eecf5473,real_20,21,SCROLL_LENS,1771599780038,Fri Feb 20 2026 15:03:00 GMT+0000 (Coordinated Universal Time),0
699877ccb827d9ae2c101b01,70d96c86-c17b-45aa-9c25-d845eecf5473,real_11,22,TRIGGER_MENU,1771599820433,Fri Feb 20 2026 15:03:40 GMT+0000 (Coordinated Universal Time),0
699877ccb827d9ae2c101b03,70d96c86-c17b-45aa-9c25-d845eecf5473,real_11,22,TRIGGER_MENU,1771599820505,Fri Feb 20 2026 15:03:40 GMT+0000 (Coordinated Universal Time),0
699877cdb827d9ae2c101b05,70d96c86-c17b-45aa-9c25-d845eecf5473,real_11,22,OPEN_LENS,1771599821248,Fri Feb 20 2026 15:03:41 GMT+0000 (Coordinated Universal Time),0
6998a201b827d9ae2c101b25,a3e5060f-d872-471c-b6bc-8fb7c1df8ae3,ai_02,2,TRIGGER_MENU,1771610625592,Fri Feb 20 2026 18:03:45 GMT+0000 (Coordinated Universal Time),0
6998a270b827d9ae2c101b2b,a3e5060f-d872-471c-b6bc-8fb7c1df8ae3,real_06,4,TRIGGER_MENU,1771610735968,Fri Feb 20 2026 18:05:36 GMT+0000 (Coordinated Universal Time),0
6998a271b827d9ae2c101b2d,a3e5060f-d872-471c-b6bc-8fb7c1df8ae3,real_06,4,TRIGGER_MENU,1771610737450,Fri Feb 20 2026 18:05:37 GMT+0000 (Coordinated Universal Time),0
6998a277b827d9ae2c101b2f,a3e5060f-d872-471c-b6bc-8fb7c1df8ae3,real_06,4,TRIGGER_MENU,1771610743410,Fri Feb 20 2026 18:05:43 GMT+0000 (Coordinated Universal Time),0
6998a27ab827d9ae2c101b31,a3e5060f-d872-471c-b6bc-8fb7c1df8ae3,real_06,4,OPEN_LENS,1771610746290,Fri Feb 20 2026 18:05:46 GMT+0000 (Coordinated Universal Time),0
6998a27eb827d9ae2c101b33,a3e5060f-d872-471c-b6bc-8fb7c1df8ae3,real_06,4,SCROLL_LENS,1771610750114,Fri Feb 20 2026 18:05:50 GMT+0000 (Coordinated Universal Time),0
6998a28eb827d9ae2c101b35,a3e5060f-d872-471c-b6bc-8fb7c1df8ae3,real_06,4,TRIGGER_MENU,1771610766530,Fri Feb 20 2026 18:06:06 GMT+0000 (Coordinated Universal Time),0
6998c8d1b827d9ae2c101b94,7bdd05f3-157f-460a-9fa7-78218f38e94a,real_20,2,TRIGGER_MENU,1771620561827,Fri Feb 20 2026 20:49:21 GMT+0000 (Coordinated Universal Time),0
6998c903b827d9ae2c101b9a,7bdd05f3-157f-460a-9fa7-78218f38e94a,real_05,4,TRIGGER_MENU,1771620611742,Fri Feb 20 2026 20:50:11 GMT+0000 (Coordinated Universal Time),0
6998c90eb827d9ae2c101b9c,7bdd05f3-157f-460a-9fa7-78218f38e94a,real_05,4,TRIGGER_MENU,1771620622079,Fri Feb 20 2026 20:50:22 GMT+0000 (Coordinated Universal Time),0
6998c90fb827d9ae2c101b9e,7bdd05f3-157f-460a-9fa7-78218f38e94a,real_05,4,OPEN_LENS,1771620623811,Fri Feb 20 2026 20:50:23 GMT+0000 (Coordinated Universal Time),0
6998c916b827d9ae2c101ba0,7bdd05f3-157f-460a-9fa7-78218f38e94a,real_05,4,SCROLL_LENS,1771620629872,Fri Feb 20 2026 20:50:30 GMT+0000 (Coordinated Universal Time),0
6998c961b827d9ae2c101ba8,7bdd05f3-157f-460a-9fa7-78218f38e94a,real_15,7,TRIGGER_MENU,1771620705891,Fri Feb 20 2026 20:51:45 GMT+0000 (Coordinated Universal Time),0
6998c962b827d9ae2c101baa,7bdd05f3-157f-460a-9fa7-78218f38e94a,real_15,7,OPEN_LENS,1771620706791,Fri Feb 20 2026 20:51:46 GMT+0000 (Coordinated Universal Time),0
6998ca6ab827d9ae2c101bb0,7bdd05f3-157f-460a-9fa7-78218f38e94a,ai_16,9,TRIGGER_MENU,1771620970071,Fri Feb 20 2026 20:56:10 GMT+0000 (Coordinated Universal Time),0
6998ca6bb827d9ae2c101bb2,7bdd05f3-157f-460a-9fa7-78218f38e94a,ai_16,9,OPEN_LENS,1771620971571,Fri Feb 20 2026 20:56:11 GMT+0000 (Coordinated Universal Time),0
6998ca6eb827d9ae2c101bb4,7bdd05f3-157f-460a-9fa7-78218f38e94a,ai_16,9,SCROLL_LENS,1771620974310,Fri Feb 20 2026 20:56:14 GMT+0000 (Coordinated Universal Time),0
6998ca9ab827d9ae2c101bbc,7bdd05f3-157f-460a-9fa7-78218f38e94a,real_04,12,TRIGGER_MENU,1771621018587,Fri Feb 20 2026 20:56:58 GMT+0000 (Coordinated Universal Time),0
6998ca9bb827d9ae2c101bbe,7bdd05f3-157f-460a-9fa7-78218f38e94a,real_04,12,OPEN_LENS,1771621019236,Fri Feb 20 2026 20:56:59 GMT+0000 (Coordinated Universal Time),0
6998ca9db827d9ae2c101bc0,7bdd05f3-157f-460a-9fa7-78218f38e94a,real_04,12,SCROLL_LENS,1771621021337,Fri Feb 20 2026 20:57:01 GMT+0000 (Coordinated Universal Time),0
6998cac6b827d9ae2c101bcc,7bdd05f3-157f-460a-9fa7-78218f38e94a,real_01,17,TRIGGER_MENU,1771621062784,Fri Feb 20 2026 20:57:42 GMT+0000 (Coordinated Universal Time),0
6998cac8b827d9ae2c101bce,7bdd05f3-157f-460a-9fa7-78218f38e94a,real_01,17,OPEN_LENS,1771621064650,Fri Feb 20 2026 20:57:44 GMT+0000 (Coordinated Universal Time),0
6998caddb827d9ae2c101bd4,7bdd05f3-157f-460a-9fa7-78218f38e94a,ai_19,19,TRIGGER_MENU,1771621085090,Fri Feb 20 2026 20:58:05 GMT+0000 (Coordinated Universal Time),0
6998caddb827d9ae2c101bd6,7bdd05f3-157f-460a-9fa7-78218f38e94a,ai_19,19,OPEN_LENS,1771621085787,Fri Feb 20 2026 20:58:05 GMT+0000 (Coordinated Universal Time),0
6998cb37b827d9ae2c101be0,7bdd05f3-157f-460a-9fa7-78218f38e94a,ai_13,23,TRIGGER_MENU,1771621175552,Fri Feb 20 2026 20:59:35 GMT+0000 (Coordinated Universal Time),0
6998cb39b827d9ae2c101be2,7bdd05f3-157f-460a-9fa7-78218f38e94a,ai_13,23,OPEN_LENS,1771621176950,Fri Feb 20 2026 20:59:37 GMT+0000 (Coordinated Universal Time),0
69997991b827d9ae2c101c82,cde59e20-693f-4bb5-a266-36bf0850c247,real_16,14,TRIGGER_MENU,1771665809697,Sat Feb 21 2026 09:23:29 GMT+0000 (Coordinated Universal Time),0
69997997b827d9ae2c101c84,cde59e20-693f-4bb5-a266-36bf0850c247,real_16,14,TRIGGER_MENU,1771665815863,Sat Feb 21 2026 09:23:35 GMT+0000 (Coordinated Universal Time),0
69997997b827d9ae2c101c86,cde59e20-693f-4bb5-a266-36bf0850c247,real_16,14,TRIGGER_MENU,1771665815855,Sat Feb 21 2026 09:23:35 GMT+0000 (Coordinated Universal Time),0
699979afb827d9ae2c101c8a,cde59e20-693f-4bb5-a266-36bf0850c247,real_06,15,TRIGGER_MENU,1771665838823,Sat Feb 21 2026 09:23:59 GMT+0000 (Coordinated Universal Time),0
699979b1b827d9ae2c101c8c,cde59e20-693f-4bb5-a266-36bf0850c247,real_06,15,TRIGGER_MENU,1771665840782,Sat Feb 21 2026 09:24:01 GMT+0000 (Coordinated Universal Time),0
699979b4b827d9ae2c101c8e,cde59e20-693f-4bb5-a266-36bf0850c247,real_06,15,TRIGGER_MENU,1771665843669,Sat Feb 21 2026 09:24:04 GMT+0000 (Coordinated Universal Time),0
69997a7cb827d9ae2c101c92,cde59e20-693f-4bb5-a266-36bf0850c247,real_06,15,TRIGGER_MENU,1771665838823,Sat Feb 21 2026 09:27:24 GMT+0000 (Coordinated Universal Time),0
69997a7cb827d9ae2c101c94,cde59e20-693f-4bb5-a266-36bf0850c247,real_06,15,TRIGGER_MENU,1771665843669,Sat Feb 21 2026 09:27:24 GMT+0000 (Coordinated Universal Time),0
69997a7cb827d9ae2c101c98,cde59e20-693f-4bb5-a266-36bf0850c247,real_06,15,TRIGGER_MENU,1771665840782,Sat Feb 21 2026 09:27:24 GMT+0000 (Coordinated Universal Time),0
6999a5d4b827d9ae2c101ce0,dc165136-ff71-4ab3-8e4b-5afe4edf0d1b,real_15,1,TRIGGER_MENU,1771677138828,Sat Feb 21 2026 12:32:20 GMT+0000 (Coordinated Universal Time),0
6999a5d5b827d9ae2c101ce2,dc165136-ff71-4ab3-8e4b-5afe4edf0d1b,real_15,1,OPEN_LENS,1771677140171,Sat Feb 21 2026 12:32:21 GMT+0000 (Coordinated Universal Time),0
6999a5d8b827d9ae2c101ce4,dc165136-ff71-4ab3-8e4b-5afe4edf0d1b,real_15,1,TRIGGER_MENU,1771677143176,Sat Feb 21 2026 12:32:24 GMT+0000 (Coordinated Universal Time),0
6999a5d9b827d9ae2c101ce6,dc165136-ff71-4ab3-8e4b-5afe4edf0d1b,real_15,1,OPEN_LENS,1771677144098,Sat Feb 21 2026 12:32:25 GMT+0000 (Coordinated Universal Time),0
6999a5f1b827d9ae2c101cea,dc165136-ff71-4ab3-8e4b-5afe4edf0d1b,real_03,2,TRIGGER_MENU,1771677167594,Sat Feb 21 2026 12:32:49 GMT+0000 (Coordinated Universal Time),0
6999a5f1b827d9ae2c101cec,dc165136-ff71-4ab3-8e4b-5afe4edf0d1b,real_03,2,OPEN_LENS,1771677168232,Sat Feb 21 2026 12:32:49 GMT+0000 (Coordinated Universal Time),0
6999a5f4b827d9ae2c101cee,dc165136-ff71-4ab3-8e4b-5afe4edf0d1b,real_03,2,CLICK_RESULT,1771677170899,Sat Feb 21 2026 12:32:52 GMT+0000 (Coordinated Universal Time),0
6999a5f9b827d9ae2c101cf0,dc165136-ff71-4ab3-8e4b-5afe4edf0d1b,real_03,2,SCROLL_LENS,1771677175967,Sat Feb 21 2026 12:32:57 GMT+0000 (Coordinated Universal Time),0
6999a5fdb827d9ae2c101cf2,dc165136-ff71-4ab3-8e4b-5afe4edf0d1b,real_03,2,CLICK_RESULT,1771677180372,Sat Feb 21 2026 12:33:01 GMT+0000 (Coordinated Universal Time),0
6999a634b827d9ae2c101cf6,dc165136-ff71-4ab3-8e4b-5afe4edf0d1b,real_14,3,TRIGGER_MENU,1771677235219,Sat Feb 21 2026 12:33:56 GMT+0000 (Coordinated Universal Time),0
6999a635b827d9ae2c101cf8,dc165136-ff71-4ab3-8e4b-5afe4edf0d1b,real_14,3,OPEN_LENS,1771677235826,Sat Feb 21 2026 12:33:57 GMT+0000 (Coordinated Universal Time),0
6999a690b827d9ae2c101cfc,dc165136-ff71-4ab3-8e4b-5afe4edf0d1b,ai_09,4,TRIGGER_MENU,1771677327055,Sat Feb 21 2026 12:35:28 GMT+0000 (Coordinated Universal Time),0
6999a691b827d9ae2c101cfe,dc165136-ff71-4ab3-8e4b-5afe4edf0d1b,ai_09,4,OPEN_LENS,1771677327844,Sat Feb 21 2026 12:35:29 GMT+0000 (Coordinated Universal Time),0
6999a69bb827d9ae2c101d02,dc165136-ff71-4ab3-8e4b-5afe4edf0d1b,ai_06,5,TRIGGER_MENU,1771677337797,Sat Feb 21 2026 12:35:39 GMT+0000 (Coordinated Universal Time),0
6999a69bb827d9ae2c101d04,dc165136-ff71-4ab3-8e4b-5afe4edf0d1b,ai_06,5,OPEN_LENS,1771677338359,Sat Feb 21 2026 12:35:39 GMT+0000 (Coordinated Universal Time),0
6999a6a4b827d9ae2c101d08,dc165136-ff71-4ab3-8e4b-5afe4edf0d1b,ai_11,6,TRIGGER_MENU,1771677347032,Sat Feb 21 2026 12:35:48 GMT+0000 (Coordinated Universal Time),0
6999a6a5b827d9ae2c101d0a,dc165136-ff71-4ab3-8e4b-5afe4edf0d1b,ai_11,6,OPEN_LENS,1771677347550,Sat Feb 21 2026 12:35:49 GMT+0000 (Coordinated Universal Time),0
6999a6a8b827d9ae2c101d0c,dc165136-ff71-4ab3-8e4b-5afe4edf0d1b,ai_11,6,TRIGGER_MENU,1771677350428,Sat Feb 21 2026 12:35:52 GMT+0000 (Coordinated Universal Time),0
6999a6a8b827d9ae2c101d0e,dc165136-ff71-4ab3-8e4b-5afe4edf0d1b,ai_11,6,OPEN_LENS,1771677350954,Sat Feb 21 2026 12:35:52 GMT+0000 (Coordinated Universal Time),0
6999a6afb827d9ae2c101d12,dc165136-ff71-4ab3-8e4b-5afe4edf0d1b,ai_16,7,TRIGGER_MENU,1771677357543,Sat Feb 21 2026 12:35:59 GMT+0000 (Coordinated Universal Time),0
6999a6afb827d9ae2c101d14,dc165136-ff71-4ab3-8e4b-5afe4edf0d1b,ai_16,7,OPEN_LENS,1771677358094,Sat Feb 21 2026 12:35:59 GMT+0000 (Coordinated Universal Time),0
6999a6b9b827d9ae2c101d18,dc165136-ff71-4ab3-8e4b-5afe4edf0d1b,ai_02,8,TRIGGER_MENU,1771677367655,Sat Feb 21 2026 12:36:09 GMT+0000 (Coordinated Universal Time),0
6999a6b9b827d9ae2c101d1a,dc165136-ff71-4ab3-8e4b-5afe4edf0d1b,ai_02,8,OPEN_LENS,1771677368256,Sat Feb 21 2026 12:36:09 GMT+0000 (Coordinated Universal Time),0
6999a835b827d9ae2c101d1e,dc165136-ff71-4ab3-8e4b-5afe4edf0d1b,real_02,9,TRIGGER_MENU,1771677747813,Sat Feb 21 2026 12:42:29 GMT+0000 (Coordinated Universal Time),0
6999a836b827d9ae2c101d20,dc165136-ff71-4ab3-8e4b-5afe4edf0d1b,real_02,9,OPEN_LENS,1771677748426,Sat Feb 21 2026 12:42:30 GMT+0000 (Coordinated Universal Time),0
6999a85ab827d9ae2c101d24,dc165136-ff71-4ab3-8e4b-5afe4edf0d1b,ai_19,10,TRIGGER_MENU,1771677785222,Sat Feb 21 2026 12:43:06 GMT+0000 (Coordinated Universal Time),0
6999a85bb827d9ae2c101d26,dc165136-ff71-4ab3-8e4b-5afe4edf0d1b,ai_19,10,OPEN_LENS,1771677785825,Sat Feb 21 2026 12:43:07 GMT+0000 (Coordinated Universal Time),0
6999a863b827d9ae2c101d2a,dc165136-ff71-4ab3-8e4b-5afe4edf0d1b,real_05,11,TRIGGER_MENU,1771677793402,Sat Feb 21 2026 12:43:15 GMT+0000 (Coordinated Universal Time),0
6999a863b827d9ae2c101d2c,dc165136-ff71-4ab3-8e4b-5afe4edf0d1b,real_05,11,OPEN_LENS,1771677794014,Sat Feb 21 2026 12:43:15 GMT+0000 (Coordinated Universal Time),0
6999a86ab827d9ae2c101d30,dc165136-ff71-4ab3-8e4b-5afe4edf0d1b,ai_13,12,TRIGGER_MENU,1771677800531,Sat Feb 21 2026 12:43:22 GMT+0000 (Coordinated Universal Time),0
6999a86bb827d9ae2c101d32,dc165136-ff71-4ab3-8e4b-5afe4edf0d1b,ai_13,12,OPEN_LENS,1771677801396,Sat Feb 21 2026 12:43:23 GMT+0000 (Coordinated Universal Time),0
6999a870b827d9ae2c101d34,dc165136-ff71-4ab3-8e4b-5afe4edf0d1b,ai_13,12,CLICK_RESULT,1771677806592,Sat Feb 21 2026 12:43:28 GMT+0000 (Coordinated Universal Time),0
6999a871b827d9ae2c101d36,dc165136-ff71-4ab3-8e4b-5afe4edf0d1b,ai_13,12,SCROLL_LENS,1771677808315,Sat Feb 21 2026 12:43:29 GMT+0000 (Coordinated Universal Time),0
6999a87db827d9ae2c101d3a,dc165136-ff71-4ab3-8e4b-5afe4edf0d1b,real_11,13,TRIGGER_MENU,1771677819466,Sat Feb 21 2026 12:43:41 GMT+0000 (Coordinated Universal Time),0
6999a87db827d9ae2c101d3c,dc165136-ff71-4ab3-8e4b-5afe4edf0d1b,real_11,13,OPEN_LENS,1771677820071,Sat Feb 21 2026 12:43:41 GMT+0000 (Coordinated Universal Time),0
6999a882b827d9ae2c101d3e,dc165136-ff71-4ab3-8e4b-5afe4edf0d1b,real_11,13,TRIGGER_MENU,1771677824837,Sat Feb 21 2026 12:43:46 GMT+0000 (Coordinated Universal Time),0
6999a883b827d9ae2c101d40,dc165136-ff71-4ab3-8e4b-5afe4edf0d1b,real_11,13,OPEN_LENS,1771677825560,Sat Feb 21 2026 12:43:47 GMT+0000 (Coordinated Universal Time),0
6999a884b827d9ae2c101d42,dc165136-ff71-4ab3-8e4b-5afe4edf0d1b,real_11,13,CLICK_RESULT,1771677826512,Sat Feb 21 2026 12:43:48 GMT+0000 (Coordinated Universal Time),0
6999a8a2b827d9ae2c101d46,dc165136-ff71-4ab3-8e4b-5afe4edf0d1b,real_20,14,TRIGGER_MENU,1771677856531,Sat Feb 21 2026 12:44:18 GMT+0000 (Coordinated Universal Time),0
6999a8a2b827d9ae2c101d48,dc165136-ff71-4ab3-8e4b-5afe4edf0d1b,real_20,14,OPEN_LENS,1771677857075,Sat Feb 21 2026 12:44:18 GMT+0000 (Coordinated Universal Time),0
6999a8abb827d9ae2c101d4c,dc165136-ff71-4ab3-8e4b-5afe4edf0d1b,ai_04,15,TRIGGER_MENU,1771677865981,Sat Feb 21 2026 12:44:27 GMT+0000 (Coordinated Universal Time),0
6999a8b6b827d9ae2c101d50,dc165136-ff71-4ab3-8e4b-5afe4edf0d1b,real_01,16,TRIGGER_MENU,1771677877361,Sat Feb 21 2026 12:44:38 GMT+0000 (Coordinated Universal Time),0
6999a8b7b827d9ae2c101d52,dc165136-ff71-4ab3-8e4b-5afe4edf0d1b,real_01,16,OPEN_LENS,1771677877864,Sat Feb 21 2026 12:44:39 GMT+0000 (Coordinated Universal Time),0
6999a8bfb827d9ae2c101d56,dc165136-ff71-4ab3-8e4b-5afe4edf0d1b,real_12,17,TRIGGER_MENU,1771677885397,Sat Feb 21 2026 12:44:47 GMT+0000 (Coordinated Universal Time),0
6999a8bfb827d9ae2c101d58,dc165136-ff71-4ab3-8e4b-5afe4edf0d1b,real_12,17,OPEN_LENS,1771677885859,Sat Feb 21 2026 12:44:47 GMT+0000 (Coordinated Universal Time),0
6999a8c4b827d9ae2c101d5c,dc165136-ff71-4ab3-8e4b-5afe4edf0d1b,real_16,18,TRIGGER_MENU,1771677891301,Sat Feb 21 2026 12:44:52 GMT+0000 (Coordinated Universal Time),0
6999a8c5b827d9ae2c101d5e,dc165136-ff71-4ab3-8e4b-5afe4edf0d1b,real_16,18,OPEN_LENS,1771677891907,Sat Feb 21 2026 12:44:53 GMT+0000 (Coordinated Universal Time),0
6999a8d8b827d9ae2c101d62,dc165136-ff71-4ab3-8e4b-5afe4edf0d1b,real_06,19,TRIGGER_MENU,1771677911029,Sat Feb 21 2026 12:45:12 GMT+0000 (Coordinated Universal Time),0
6999a8d9b827d9ae2c101d64,dc165136-ff71-4ab3-8e4b-5afe4edf0d1b,real_06,19,OPEN_LENS,1771677911907,Sat Feb 21 2026 12:45:13 GMT+0000 (Coordinated Universal Time),0
6999a8e0b827d9ae2c101d66,dc165136-ff71-4ab3-8e4b-5afe4edf0d1b,real_06,19,TRIGGER_MENU,1771677918616,Sat Feb 21 2026 12:45:20 GMT+0000 (Coordinated Universal Time),0
6999a8e0b827d9ae2c101d68,dc165136-ff71-4ab3-8e4b-5afe4edf0d1b,real_06,19,OPEN_LENS,1771677919131,Sat Feb 21 2026 12:45:20 GMT+0000 (Coordinated Universal Time),0
6999a8e5b827d9ae2c101d6a,dc165136-ff71-4ab3-8e4b-5afe4edf0d1b,real_06,19,TRIGGER_MENU,1771677923634,Sat Feb 21 2026 12:45:25 GMT+0000 (Coordinated Universal Time),0
6999a8e6b827d9ae2c101d6c,dc165136-ff71-4ab3-8e4b-5afe4edf0d1b,real_06,19,OPEN_LENS,1771677924885,Sat Feb 21 2026 12:45:26 GMT+0000 (Coordinated Universal Time),0
6999a8e7b827d9ae2c101d6e,dc165136-ff71-4ab3-8e4b-5afe4edf0d1b,real_06,19,SCROLL_LENS,1771677926053,Sat Feb 21 2026 12:45:27 GMT+0000 (Coordinated Universal Time),0
6999a8ecb827d9ae2c101d72,dc165136-ff71-4ab3-8e4b-5afe4edf0d1b,ai_15,20,TRIGGER_MENU,1771677931168,Sat Feb 21 2026 12:45:32 GMT+0000 (Coordinated Universal Time),0
6999a8edb827d9ae2c101d74,dc165136-ff71-4ab3-8e4b-5afe4edf0d1b,ai_15,20,OPEN_LENS,1771677931703,Sat Feb 21 2026 12:45:33 GMT+0000 (Coordinated Universal Time),0
6999a8f3b827d9ae2c101d78,dc165136-ff71-4ab3-8e4b-5afe4edf0d1b,ai_08,21,TRIGGER_MENU,1771677937403,Sat Feb 21 2026 12:45:39 GMT+0000 (Coordinated Universal Time),0
6999a8f3b827d9ae2c101d7a,dc165136-ff71-4ab3-8e4b-5afe4edf0d1b,ai_08,21,OPEN_LENS,1771677937898,Sat Feb 21 2026 12:45:39 GMT+0000 (Coordinated Universal Time),0
6999a8feb827d9ae2c101d7e,dc165136-ff71-4ab3-8e4b-5afe4edf0d1b,ai_18,22,TRIGGER_MENU,1771677948838,Sat Feb 21 2026 12:45:50 GMT+0000 (Coordinated Universal Time),0
6999a8ffb827d9ae2c101d80,dc165136-ff71-4ab3-8e4b-5afe4edf0d1b,ai_18,22,OPEN_LENS,1771677949410,Sat Feb 21 2026 12:45:51 GMT+0000 (Coordinated Universal Time),0
6999a901b827d9ae2c101d82,dc165136-ff71-4ab3-8e4b-5afe4edf0d1b,ai_18,22,TRIGGER_MENU,1771677952012,Sat Feb 21 2026 12:45:53 GMT+0000 (Coordinated Universal Time),0
6999a902b827d9ae2c101d84,dc165136-ff71-4ab3-8e4b-5afe4edf0d1b,ai_18,22,OPEN_LENS,1771677952513,Sat Feb 21 2026 12:45:54 GMT+0000 (Coordinated Universal Time),0
6999a90bb827d9ae2c101d88,dc165136-ff71-4ab3-8e4b-5afe4edf0d1b,ai_01,23,TRIGGER_MENU,1771677961948,Sat Feb 21 2026 12:46:03 GMT+0000 (Coordinated Universal Time),0
6999a90cb827d9ae2c101d8a,dc165136-ff71-4ab3-8e4b-5afe4edf0d1b,ai_01,23,TRIGGER_MENU,1771677962539,Sat Feb 21 2026 12:46:04 GMT+0000 (Coordinated Universal Time),0
6999a90cb827d9ae2c101d8c,dc165136-ff71-4ab3-8e4b-5afe4edf0d1b,ai_01,23,OPEN_LENS,1771677963332,Sat Feb 21 2026 12:46:04 GMT+0000 (Coordinated Universal Time),0
6999a912b827d9ae2c101d90,dc165136-ff71-4ab3-8e4b-5afe4edf0d1b,real_04,24,TRIGGER_MENU,1771677968783,Sat Feb 21 2026 12:46:10 GMT+0000 (Coordinated Universal Time),0
6999a912b827d9ae2c101d92,dc165136-ff71-4ab3-8e4b-5afe4edf0d1b,real_04,24,OPEN_LENS,1771677969245,Sat Feb 21 2026 12:46:10 GMT+0000 (Coordinated Universal Time),0
6999ac48b827d9ae2c101dad,d650ec99-6b1a-492b-aab3-7023ff8d6463,real_15,1,TRIGGER_MENU,1771678792971,Sat Feb 21 2026 12:59:52 GMT+0000 (Coordinated Universal Time),0
6999ac4ab827d9ae2c101daf,d650ec99-6b1a-492b-aab3-7023ff8d6463,real_15,1,TRIGGER_MENU,1771678795304,Sat Feb 21 2026 12:59:54 GMT+0000 (Coordinated Universal Time),0
6999ac4bb827d9ae2c101db1,d650ec99-6b1a-492b-aab3-7023ff8d6463,real_15,1,OPEN_LENS,1771678796672,Sat Feb 21 2026 12:59:55 GMT+0000 (Coordinated Universal Time),0
6999ac5ab827d9ae2c101db5,d650ec99-6b1a-492b-aab3-7023ff8d6463,real_20,2,TRIGGER_MENU,1771678811414,Sat Feb 21 2026 13:00:10 GMT+0000 (Coordinated Universal Time),0
6999ac5cb827d9ae2c101db7,d650ec99-6b1a-492b-aab3-7023ff8d6463,real_20,2,OPEN_LENS,1771678812775,Sat Feb 21 2026 13:00:12 GMT+0000 (Coordinated Universal Time),0
6999ac6db827d9ae2c101dbb,d650ec99-6b1a-492b-aab3-7023ff8d6463,real_20,2,TRIGGER_MENU,1771678830023,Sat Feb 21 2026 13:00:29 GMT+0000 (Coordinated Universal Time),0
6999ac6eb827d9ae2c101dbd,d650ec99-6b1a-492b-aab3-7023ff8d6463,real_20,2,OPEN_LENS,1771678830832,Sat Feb 21 2026 13:00:30 GMT+0000 (Coordinated Universal Time),0
6999ac72b827d9ae2c101dbf,d650ec99-6b1a-492b-aab3-7023ff8d6463,real_20,2,CLICK_RESULT,1771678834838,Sat Feb 21 2026 13:00:34 GMT+0000 (Coordinated Universal Time),0
6999ac74b827d9ae2c101dc1,d650ec99-6b1a-492b-aab3-7023ff8d6463,real_20,2,CLICK_RESULT,1771678837502,Sat Feb 21 2026 13:00:36 GMT+0000 (Coordinated Universal Time),0
6999ac7fb827d9ae2c101dc3,d650ec99-6b1a-492b-aab3-7023ff8d6463,real_20,2,TRIGGER_MENU,1771678848193,Sat Feb 21 2026 13:00:47 GMT+0000 (Coordinated Universal Time),0
6999ad15b827d9ae2c101dce,3186a99e-25c2-42bb-94a6-4ef2758e4c99,real_11,3,TRIGGER_MENU,1771678995787,Sat Feb 21 2026 13:03:17 GMT+0000 (Coordinated Universal Time),0
6999ad86b827d9ae2c101dd8,3186a99e-25c2-42bb-94a6-4ef2758e4c99,real_05,6,TRIGGER_MENU,1771679109490,Sat Feb 21 2026 13:05:10 GMT+0000 (Coordinated Universal Time),0
6999ae09b827d9ae2c101de8,d650ec99-6b1a-492b-aab3-7023ff8d6463,real_20,2,TRIGGER_MENU,1771679242075,Sat Feb 21 2026 13:07:21 GMT+0000 (Coordinated Universal Time),0
6999ae09b827d9ae2c101dea,d650ec99-6b1a-492b-aab3-7023ff8d6463,real_20,2,OPEN_LENS,1771679242674,Sat Feb 21 2026 13:07:21 GMT+0000 (Coordinated Universal Time),0
6999ae4fb827d9ae2c101df2,3186a99e-25c2-42bb-94a6-4ef2758e4c99,real_14,11,TRIGGER_MENU,1771679310060,Sat Feb 21 2026 13:08:31 GMT+0000 (Coordinated Universal Time),0
6999ae50b827d9ae2c101df4,3186a99e-25c2-42bb-94a6-4ef2758e4c99,real_14,11,OPEN_LENS,1771679310864,Sat Feb 21 2026 13:08:32 GMT+0000 (Coordinated Universal Time),0
6999ae53b827d9ae2c101df6,3186a99e-25c2-42bb-94a6-4ef2758e4c99,real_14,11,CLICK_RESULT,1771679314190,Sat Feb 21 2026 13:08:35 GMT+0000 (Coordinated Universal Time),0
6999ae5bb827d9ae2c101df8,3186a99e-25c2-42bb-94a6-4ef2758e4c99,real_14,11,CLICK_RESULT,1771679322393,Sat Feb 21 2026 13:08:43 GMT+0000 (Coordinated Universal Time),0
6999ae63b827d9ae2c101dfc,d650ec99-6b1a-492b-aab3-7023ff8d6463,ai_06,3,TRIGGER_MENU,1771679331850,Sat Feb 21 2026 13:08:51 GMT+0000 (Coordinated Universal Time),0
6999ae64b827d9ae2c101dfe,d650ec99-6b1a-492b-aab3-7023ff8d6463,ai_06,3,OPEN_LENS,1771679333157,Sat Feb 21 2026 13:08:52 GMT+0000 (Coordinated Universal Time),0
6999ae6fb827d9ae2c101e02,d650ec99-6b1a-492b-aab3-7023ff8d6463,ai_06,3,TRIGGER_MENU,1771679344229,Sat Feb 21 2026 13:09:03 GMT+0000 (Coordinated Universal Time),0
6999ae70b827d9ae2c101e04,d650ec99-6b1a-492b-aab3-7023ff8d6463,ai_06,3,OPEN_LENS,1771679345493,Sat Feb 21 2026 13:09:04 GMT+0000 (Coordinated Universal Time),0
6999ae72b827d9ae2c101e06,d650ec99-6b1a-492b-aab3-7023ff8d6463,ai_06,3,CLICK_RESULT,1771679346854,Sat Feb 21 2026 13:09:06 GMT+0000 (Coordinated Universal Time),0
6999ae86b827d9ae2c101e08,3186a99e-25c2-42bb-94a6-4ef2758e4c99,real_02,12,TRIGGER_MENU,1771679364883,Sat Feb 21 2026 13:09:26 GMT+0000 (Coordinated Universal Time),0
6999ae86b827d9ae2c101e0a,3186a99e-25c2-42bb-94a6-4ef2758e4c99,real_02,12,OPEN_LENS,1771679365475,Sat Feb 21 2026 13:09:26 GMT+0000 (Coordinated Universal Time),0
6999aec2b827d9ae2c101e0e,3186a99e-25c2-42bb-94a6-4ef2758e4c99,ai_15,13,TRIGGER_MENU,1771679425261,Sat Feb 21 2026 13:10:26 GMT+0000 (Coordinated Universal Time),0
6999aec3b827d9ae2c101e10,3186a99e-25c2-42bb-94a6-4ef2758e4c99,ai_15,13,OPEN_LENS,1771679426140,Sat Feb 21 2026 13:10:27 GMT+0000 (Coordinated Universal Time),0
6999aef1b827d9ae2c101e14,3186a99e-25c2-42bb-94a6-4ef2758e4c99,ai_15,13,TRIGGER_MENU,1771679472475,Sat Feb 21 2026 13:11:13 GMT+0000 (Coordinated Universal Time),0
6999b08bb827d9ae2c101e3a,3186a99e-25c2-42bb-94a6-4ef2758e4c99,real_12,21,TRIGGER_MENU,1771679882070,Sat Feb 21 2026 13:18:03 GMT+0000 (Coordinated Universal Time),0
6999b09fb827d9ae2c101e3c,ff15d97a-a13c-4097-8220-1796eca4971f,ai_06,19,TRIGGER_MENU,1771679904295,Sat Feb 21 2026 13:18:23 GMT+0000 (Coordinated Universal Time),0
6999b2b2b827d9ae2c101e87,ff15d97a-a13c-4097-8220-1796eca4971f,real_03,22,TRIGGER_MENU,1771680435507,Sat Feb 21 2026 13:27:14 GMT+0000 (Coordinated Universal Time),0
6999b2b3b827d9ae2c101e89,ff15d97a-a13c-4097-8220-1796eca4971f,real_03,22,OPEN_LENS,1771680436664,Sat Feb 21 2026 13:27:15 GMT+0000 (Coordinated Universal Time),0
6999b2e6b827d9ae2c101e8f,ff15d97a-a13c-4097-8220-1796eca4971f,real_03,22,SCROLL_LENS,1771680487682,Sat Feb 21 2026 13:28:06 GMT+0000 (Coordinated Universal Time),0
6999c586b827d9ae2c101eec,bd1d97a3-3e79-471f-bfdc-aebc4284735d,real_16,7,TRIGGER_MENU,1771685253754,Sat Feb 21 2026 14:47:34 GMT+0000 (Coordinated Universal Time),0
6999c587b827d9ae2c101eee,bd1d97a3-3e79-471f-bfdc-aebc4284735d,real_16,7,OPEN_LENS,1771685254494,Sat Feb 21 2026 14:47:35 GMT+0000 (Coordinated Universal Time),0
6999c590b827d9ae2c101ef2,bd1d97a3-3e79-471f-bfdc-aebc4284735d,real_02,8,TRIGGER_MENU,1771685263823,Sat Feb 21 2026 14:47:44 GMT+0000 (Coordinated Universal Time),0
6999c591b827d9ae2c101ef4,bd1d97a3-3e79-471f-bfdc-aebc4284735d,real_02,8,OPEN_LENS,1771685264444,Sat Feb 21 2026 14:47:45 GMT+0000 (Coordinated Universal Time),0
6999c59eb827d9ae2c101efa,bd1d97a3-3e79-471f-bfdc-aebc4284735d,real_15,10,TRIGGER_MENU,1771685277814,Sat Feb 21 2026 14:47:58 GMT+0000 (Coordinated Universal Time),0
6999c59fb827d9ae2c101efc,bd1d97a3-3e79-471f-bfdc-aebc4284735d,real_15,10,OPEN_LENS,1771685278725,Sat Feb 21 2026 14:47:59 GMT+0000 (Coordinated Universal Time),0
6999c5afb827d9ae2c101f02,bd1d97a3-3e79-471f-bfdc-aebc4284735d,ai_08,12,TRIGGER_MENU,1771685293944,Sat Feb 21 2026 14:48:15 GMT+0000 (Coordinated Universal Time),0
6999c5afb827d9ae2c101f04,bd1d97a3-3e79-471f-bfdc-aebc4284735d,ai_08,12,OPEN_LENS,1771685294685,Sat Feb 21 2026 14:48:15 GMT+0000 (Coordinated Universal Time),0
6999c5c5b827d9ae2c101f08,bd1d97a3-3e79-471f-bfdc-aebc4284735d,real_04,13,TRIGGER_MENU,1771685315943,Sat Feb 21 2026 14:48:37 GMT+0000 (Coordinated Universal Time),0
6999c5c5b827d9ae2c101f0a,bd1d97a3-3e79-471f-bfdc-aebc4284735d,real_04,13,OPEN_LENS,1771685316554,Sat Feb 21 2026 14:48:37 GMT+0000 (Coordinated Universal Time),0
6999caa0b827d9ae2c101f4a,bd1d97a3-3e79-471f-bfdc-aebc4284735d,real_01,15,OPEN_LENS,1771686558248,Sat Feb 21 2026 15:09:20 GMT+0000 (Coordinated Universal Time),0
6999caa0b827d9ae2c101f4c,bd1d97a3-3e79-471f-bfdc-aebc4284735d,real_01,15,TRIGGER_MENU,1771686557296,Sat Feb 21 2026 15:09:20 GMT+0000 (Coordinated Universal Time),0
6999cac2b827d9ae2c101f58,bd1d97a3-3e79-471f-bfdc-aebc4284735d,ai_06,20,TRIGGER_MENU,1771686592937,Sat Feb 21 2026 15:09:54 GMT+0000 (Coordinated Universal Time),0
6999cac2b827d9ae2c101f5a,bd1d97a3-3e79-471f-bfdc-aebc4284735d,ai_06,20,OPEN_LENS,1771686593788,Sat Feb 21 2026 15:09:54 GMT+0000 (Coordinated Universal Time),0
6999cb26b827d9ae2c101f70,69d14f13-0270-4e47-90f5-c1206870e27e,real_03,1,TRIGGER_MENU,1771686693854,Sat Feb 21 2026 15:11:34 GMT+0000 (Coordinated Universal Time),0
6999cb64b827d9ae2c101f77,53b27a5a-fdd7-43dc-b4d4-1fd2ce6838b0,ai_13,1,TRIGGER_MENU,1771686755893,Sat Feb 21 2026 15:12:36 GMT+0000 (Coordinated Universal Time),0
6999cb64b827d9ae2c101f79,53b27a5a-fdd7-43dc-b4d4-1fd2ce6838b0,ai_13,1,TRIGGER_MENU,1771686755915,Sat Feb 21 2026 15:12:36 GMT+0000 (Coordinated Universal Time),0
6999cb64b827d9ae2c101f7b,53b27a5a-fdd7-43dc-b4d4-1fd2ce6838b0,ai_13,1,TRIGGER_MENU,1771686755878,Sat Feb 21 2026 15:12:36 GMT+0000 (Coordinated Universal Time),0
6999cbeab827d9ae2c101f86,69d14f13-0270-4e47-90f5-c1206870e27e,ai_04,2,TRIGGER_MENU,1771686890196,Sat Feb 21 2026 15:14:50 GMT+0000 (Coordinated Universal Time),0
6999d79f037acabdf52373ee,f87c17b4-0b13-40ce-8bba-11e92860d635,real_20,1,TRIGGER_MENU,1771689886753,Sat Feb 21 2026 16:04:47 GMT+0000 (Coordinated Universal Time),0
6999d7a5037acabdf52373f0,f87c17b4-0b13-40ce-8bba-11e92860d635,real_20,1,TRIGGER_MENU,1771689892262,Sat Feb 21 2026 16:04:53 GMT+0000 (Coordinated Universal Time),0
6999d7a6037acabdf52373f2,f87c17b4-0b13-40ce-8bba-11e92860d635,real_20,1,OPEN_LENS,1771689892984,Sat Feb 21 2026 16:04:54 GMT+0000 (Coordinated Universal Time),0
6999d7ae037acabdf52373f4,f87c17b4-0b13-40ce-8bba-11e92860d635,real_20,1,TRIGGER_MENU,1771689901042,Sat Feb 21 2026 16:05:02 GMT+0000 (Coordinated Universal Time),0
6999d7e7037acabdf5237400,f87c17b4-0b13-40ce-8bba-11e92860d635,real_01,6,TRIGGER_MENU,1771689958422,Sat Feb 21 2026 16:05:59 GMT+0000 (Coordinated Universal Time),0
6999d7e8037acabdf5237402,f87c17b4-0b13-40ce-8bba-11e92860d635,real_01,6,OPEN_LENS,1771689959202,Sat Feb 21 2026 16:06:00 GMT+0000 (Coordinated Universal Time),0
6999d7fa037acabdf523740c,f87c17b4-0b13-40ce-8bba-11e92860d635,real_05,9,TRIGGER_MENU,1771689977194,Sat Feb 21 2026 16:06:18 GMT+0000 (Coordinated Universal Time),0
6999d7fb037acabdf523740e,f87c17b4-0b13-40ce-8bba-11e92860d635,ai_15,10,OPEN_LENS,1771689978006,Sat Feb 21 2026 16:06:19 GMT+0000 (Coordinated Universal Time),0
6999d815037acabdf523741a,f87c17b4-0b13-40ce-8bba-11e92860d635,real_03,15,TRIGGER_MENU,1771690004194,Sat Feb 21 2026 16:06:45 GMT+0000 (Coordinated Universal Time),0
6999d816037acabdf523741c,f87c17b4-0b13-40ce-8bba-11e92860d635,real_03,15,OPEN_LENS,1771690005025,Sat Feb 21 2026 16:06:46 GMT+0000 (Coordinated Universal Time),0
6999d82e037acabdf5237426,f87c17b4-0b13-40ce-8bba-11e92860d635,real_15,19,TRIGGER_MENU,1771690029684,Sat Feb 21 2026 16:07:10 GMT+0000 (Coordinated Universal Time),0