_id,participant_id,group,completed,consent_given,consent_timestamp,intervention_duration_s,total_duration_s,age,gender,education,ai_tool_usage,ai_familiarity,self_assessed_ability,ai_exposure_freq,image_seed,current_phase,created_at,__v,_synth
69889a6eced95ea3e7016570,23af3ede-2d11-480d-bb17-0de79b7925ca,B,False,True,Sun Feb 08 2026 14:15:10 GMT+0000 (Coordinated Universal Time),0,0,,,,,0,0,,23af3ede-2d11-480d-bb17-0de79b7925ca,1,Sun Feb 08 2026 14:15:10 GMT+0000 (Coordinated Universal Time),0,False
69889aa3ced95ea3e7016573,9ceec48a-5c7d-438b-a50a-346fde142298,A,True,True,Sun Feb 08 2026 14:16:03 GMT+0000 (Coordinated Universal Time),106,169,,,,,0,0,,9ceec48a-5c7d-438b-a50a-346fde142298,5,Sun Feb 08 2026 14:16:03 GMT+0000 (Coordinated Universal Time),0,False
698ace0dc832dc7bb6969e32,7db1f37f-1edf-450d-b5b2-85fa3cd1d4ff,C,True,True,Tue Feb 10 2026 06:19:57 GMT+0000 (Coordinated Universal Time),101,857,,,,,0,0,,7db1f37f-1edf-450d-b5b2-85fa3cd1d4ff,5,Tue Feb 10 2026 06:19:57 GMT+0000 (Coordinated Universal Time),0,False
698ae94dc832dc7bb6969e8f,f2a2b2ac-3771-4e09-8803-32669375b2f6,C,False,True,Tue Feb 10 2026 08:16:13 GMT+0000 (Coordinated Universal Time),51,0,,,,,0,0,,f2a2b2ac-3771-4e09-8803-32669375b2f6,3,Tue Feb 10 2026 08:16:13 GMT+0000 (Coordinated Universal Time),0,False
698aefbfc832dc7bb6969e93,9409340d-74ce-481c-abf7-4d5de798c45e,A,False,True,Tue Feb 10 2026 08:43:43 GMT+0000 (Coordinated Universal Time),226,0,,,,,0,0,,9409340d-74ce-481c-abf7-4d5de798c45e,3,Tue Feb 10 2026 08:43:43 GMT+0000 (Coordinated Universal Time),0,False
698af71ac832dc7bb6969eb6,5f1037e4-1cdd-4dc1-87a1-47020a544a18,B,True,True,Tue Feb 10 2026 09:15:06 GMT+0000 (Coordinated Universal Time),4,47,,,,,0,0,,5f1037e4-1cdd-4dc1-87a1-47020a544a18,5,Tue Feb 10 2026 09:15:06 GMT+0000 (Coordinated Universal Time),0,False
698c91adfa091bda9cae8e36,88ea439a-c11c-4de4-a12d-be0701e278e6,C,False,True,Wed Feb 11 2026 14:26:53 GMT+0000 (Coordinated Universal Time),18,0,,,,,0,0,,88ea439a-c11c-4de4-a12d-be0701e278e6,4,Wed Feb 11 2026 14:26:53 GMT+0000 (Coordinated Universal Time),0,False
698ea2e4eb773fbb3e057e00,a4bb0f98-439e-4c8e-8cb3-3bf36b59f766,A,False,True,Fri Feb 13 2026 04:04:52 GMT+0000 (Coordinated Universal Time),4,0,,,,,0,0,,a4bb0f98-439e-4c8e-8cb3-3bf36b59f766,3,Fri Feb 13 2026 04:04:52 GMT+0000 (Coordinated Universal Time),0,False
698f3c1b18baa47d461b59dd,bc10487b-b5d3-4bd4-b884-d4faca56ad31,A,False,True,Fri Feb 13 2026 14:58:35 GMT+0000 (Coordinated Universal Time),50,0,,,,,0,0,,bc10487b-b5d3-4bd4-b884-d4faca56ad31,3,Fri Feb 13 2026 14:58:35 GMT+0000 (Coordinated Universal Time),0,False
698f3c7c18baa47d461b59f1,f97b3d32-51b8-4553-9771-496058feaf13,C,False,True,Fri Feb 13 2026 15:00:12 GMT+0000 (Coordinated Universal Time),6,0,,,,,0,0,,f97b3d32-51b8-4553-9771-496058feaf13,3,Fri Feb 13 2026 15:00:12 GMT+0000 (Coordinated Universal Time),0,False
698f3cb818baa47d461b5a07,d9deda57-a8ad-4ff9-9851-725e7ea520fc,A,False,True,Fri Feb 13 2026 15:01:12 GMT+0000 (Coordinated Universal Time),4,0,,,,,0,0,,d9deda57-a8ad-4ff9-9851-725e7ea520fc,3,Fri Feb 13 2026 15:01:12 GMT+0000 (Coordinated Universal Time),0,False
698f3cd518baa47d461b5a15,fa75b475-83cd-4fb3-9432-bb63132530e0,C,False,True,Fri Feb 13 2026 15:01:41 GMT+0000 (Coordinated Universal Time),4,0,,,,,0,0,,fa75b475-83cd-4fb3-9432-bb63132530e0,3,Fri Feb 13 2026 15:01:41 GMT+0000 (Coordinated Universal Time),0,False
698f3cf418baa47d461b5a23,9ae6ecff-9b51-4df5-9a1d-89364506f78d,A,False,True,Fri Feb 13 2026 15:02:12 GMT+0000 (Coordinated Universal Time),626,0,,,,,0,0,,9ae6ecff-9b51-4df5-9a1d-89364506f78d,3,Fri Feb 13 2026 15:02:12 GMT+0000 (Coordinated Universal Time),0,False
698f3f8c18baa47d461b5a35,0be7c3d2-79a9-4401-9546-18646b2979c3,C,False,True,Fri Feb 13 2026 15:13:16 GMT+0000 (Coordinated Universal Time),4,0,,,,,0,0,,0be7c3d2-79a9-4401-9546-18646b2979c3,3,Fri Feb 13 2026 15:13:16 GMT+0000 (Coordinated Universal Time),0,False
698f3fb318baa47d461b5a43,d380be9c-f79b-4c46-89fe-bd0949088c65,C,False,True,Fri Feb 13 2026 15:13:55 GMT+0000 (Coordinated Universal Time),4,0,,,,,0,0,,d380be9c-f79b-4c46-89fe-bd0949088c65,3,Fri Feb 13 2026 15:13:55 GMT+0000 (Coordinated Universal Time),0,False
6991386b4d9024c3490a8751,43668c5c-bd50-42b8-aae8-2775bda931f4,A,False,True,Sun Feb 15 2026 03:07:23 GMT+0000 (Coordinated Universal Time),54,0,,,,,0,0,,43668c5c-bd50-42b8-aae8-2775bda931f4,4,Sun Feb 15 2026 03:07:23 GMT+0000 (Coordinated Universal Time),0,False
6991e2ba4d9024c3490a8762,eb945207-123c-4a99-be1f-50bbb8986b39,C,False,True,Sun Feb 15 2026 15:14:02 GMT+0000 (Coordinated Universal Time),13,0,18-24,female,masters,yes,5,4,very-often,eb945207-123c-4a99-be1f-50bbb8986b39,4,Sun Feb 15 2026 15:14:02 GMT+0000 (Coordinated Universal Time),0,False
6991e5f54d9024c3490a8776,b26e31c2-9dc4-4a3c-bd34-3a1847ccedee,A,False,True,Sun Feb 15 2026 15:27:49 GMT+0000 (Coordinated Universal Time),4,0,18-24,female,bachelors,yes,4,4,never,b26e31c2-9dc4-4a3c-bd34-3a1847ccedee,3,Sun Feb 15 2026 15:27:49 GMT+0000 (Coordinated Universal Time),0,False
69929e44e87b8f856ad0e862,1785ee56-b949-47e0-b939-b84890159fc7,C,False,True,Mon Feb 16 2026 04:34:12 GMT+0000 (Coordinated Universal Time),7,0,25-34,male,high-school,yes,2,4,never,1785ee56-b949-47e0-b939-b84890159fc7,3,Mon Feb 16 2026 04:34:12 GMT+0000 (Coordinated Universal Time),0,False
699411bc2d2409fc7a8728f5,053848d2-bdf8-480c-9d01-47727e911252,A,False,True,Tue Feb 17 2026 06:59:08 GMT+0000 (Coordinated Universal Time),0,0,45-54,non-binary,bachelors,yes,3,4,never,053848d2-bdf8-480c-9d01-47727e911252,2,Tue Feb 17 2026 06:59:08 GMT+0000 (Coordinated Universal Time),0,False
699411d52d2409fc7a8728f9,f30964b4-1dbd-4f35-901d-406ccce47381,A,False,True,Tue Feb 17 2026 06:59:33 GMT+0000 (Coordinated Universal Time),0,0,25-34,non-binary,bachelors,yes,3,3,never,f30964b4-1dbd-4f35-901d-406ccce47381,2,Tue Feb 17 2026 06:59:33 GMT+0000 (Coordinated Universal Time),0,False
699411e92d2409fc7a8728fd,4fe88bbf-623d-4f28-89c5-59be4db006d2,C,False,True,Tue Feb 17 2026 06:59:53 GMT+0000 (Coordinated Universal Time),0,0,35-44,female,masters,yes,3,4,rarely,4fe88bbf-623d-4f28-89c5-59be4db006d2,2,Tue Feb 17 2026 06:59:53 GMT+0000 (Coordinated Universal Time),0,False
69947d98ed5047282dbdd9c3,6c919580-e490-45ef-9c1a-a460de134900,A,False,True,Tue Feb 17 2026 14:39:20 GMT+0000 (Coordinated Universal Time),0,0,25-34,non-binary,bachelors,yes,3,3,never,6c919580-e490-45ef-9c1a-a460de134900,2,Tue Feb 17 2026 14:39:20 GMT+0000 (Coordinated Universal Time),0,False
69947db1ed5047282dbdd9c7,83111385-7290-41ae-a830-c54a18982d1f,C,False,True,Tue Feb 17 2026 14:39:45 GMT+0000 (Coordinated Universal Time),0,0,25-34,non-binary,bachelors,no,3,4,sometimes,83111385-7290-41ae-a830-c54a18982d1f,2,Tue Feb 17 2026 14:39:45 GMT+0000 (Coordinated Universal Time),0,False
6995a4510cbef1e6fa7bb98e,ee6973ca-8333-415a-af32-ff8c038e5257,A,False,True,Wed Feb 18 2026 11:36:49 GMT+0000 (Coordinated Universal Time),5,0,18-24,female,masters,yes,4,4,very-often,ee6973ca-8333-415a-af32-ff8c038e5257,3,Wed Feb 18 2026 11:36:49 GMT+0000 (Coordinated Universal Time),0,False
6995d85902555dd1cb295886,f0493927-c796-4d95-aa02-5f2e5cef869c,C,True,True,Wed Feb 18 2026 15:18:49 GMT+0000 (Coordinated Universal Time),30,86,18-24,female,bachelors,yes,4,5,often,f0493927-c796-4d95-aa02-5f2e5cef869c,5,Wed Feb 18 2026 15:18:49 GMT+0000 (Coordinated Universal Time),0,False
6995e5626b87f5292b750432,e5b0b0cd-26a9-42b4-a375-4b0a75a7a042,A,False,True,Wed Feb 18 2026 16:14:26 GMT+0000 (Coordinated Universal Time),4,0,18-24,male,masters,yes,5,5,never,e5b0b0cd-26a9-42b4-a375-4b0a75a7a042,3,Wed Feb 18 2026 16:14:26 GMT+0000 (Coordinated Universal Time),0,False
6996e0bfe2e062339e1c34e2,53a03719-535a-4290-96bd-88b6b4a94c86,C,False,True,Thu Feb 19 2026 10:06:55 GMT+0000 (Coordinated Universal Time),6,0,55+,male,doctorate,yes,4,4,rarely,53a03719-535a-4290-96bd-88b6b4a94c86,3,Thu Feb 19 2026 10:06:55 GMT+0000 (Coordinated Universal Time),0,False
69971f86e2e062339e1c34f0,f29638f5-9501-4248-945e-e555a6ba371e,A,True,True,Thu Feb 19 2026 14:34:46 GMT+0000 (Coordinated Universal Time),9,96,18-24,female,masters,yes,5,4,very-often,f29638f5-9501-4248-945e-e555a6ba371e,5,Thu Feb 19 2026 14:34:46 GMT+0000 (Coordinated Universal Time),0,False
69973bd1e2e062339e1c350e,5c78f8f8-0f21-49de-b2a0-12e6aad27493,C,False,True,Thu Feb 19 2026 16:35:29 GMT+0000 (Coordinated Universal Time),0,0,,,,,0,0,,5c78f8f8-0f21-49de-b2a0-12e6aad27493,1,Thu Feb 19 2026 16:35:29 GMT+0000 (Coordinated Universal Time),0,False
6997410303f5525ae2908b04,1416aecd-ab26-4275-ba90-135a54125b3a,C,False,True,Thu Feb 19 2026 16:57:39 GMT+0000 (Coordinated Universal Time),31,0,25-34,female,some-college,yes,4,4,rarely,1416aecd-ab26-4275-ba90-135a54125b3a,3,Thu Feb 19 2026 16:57:39 GMT+0000 (Coordinated Universal Time),0,False
69974888967703d1f60361da,c42eb56b-306b-4aa9-a0e5-80ee6035e356,A,True,True,Thu Feb 19 2026 17:29:44 GMT+0000 (Coordinated Universal Time),6,82,18-24,female,bachelors,yes,5,4,very-often,c42eb56b-306b-4aa9-a0e5-80ee6035e356,5,Thu Feb 19 2026 17:29:44 GMT+0000 (Coordinated Universal Time),0,False
69974ae8489e114f8a6f557a,3d2f0e65-0917-4a0a-8e0c-969e3f54655f,C,False,True,Thu Feb 19 2026 17:39:52 GMT+0000 (Coordinated Universal Time),54,0,45-54,male,high-school,yes,2,5,rarely,3d2f0e65-0917-4a0a-8e0c-969e3f54655f,3,Thu Feb 19 2026 17:39:52 GMT+0000 (Coordinated Universal Time),0,False
69974b57489e114f8a6f5584,9913bb92-c68b-4579-a297-6673f1d3bd83,A,False,True,Thu Feb 19 2026 17:41:43 GMT+0000 (Coordinated Universal Time),4,0,45-54,female,bachelors,yes,3,4,sometimes,9913bb92-c68b-4579-a297-6673f1d3bd83,3,Thu Feb 19 2026 17:41:43 GMT+0000 (Coordinated Universal Time),0,False
6997bc7af726fe57b818828f,4cec75b7-a6a9-4da8-aea5-af0d514636a9,A,False,True,Fri Feb 20 2026 01:44:26 GMT+0000 (Coordinated Universal Time),0,0,25-34,female,some-college,yes,3,3,often,4cec75b7-a6a9-4da8-aea5-af0d514636a9,2,Fri Feb 20 2026 01:44:26 GMT+0000 (Coordinated Universal Time),0,False
6997bc9cf726fe57b8188298,deb67b2f-27e3-4189-ab3b-a7a16676d442,C,False,True,Fri Feb 20 2026 01:45:00 GMT+0000 (Coordinated Universal Time),51,0,18-24,female,high-school,yes,4,5,very-often,deb67b2f-27e3-4189-ab3b-a7a16676d442,3,Fri Feb 20 2026 01:45:00 GMT+0000 (Coordinated Universal Time),0,False
6997d90388f4573a6f59a175,da37f167-7830-401a-a21b-93ac2e7d7c4d,C,False,True,Fri Feb 20 2026 03:46:11 GMT+0000 (Coordinated Universal Time),23,0,35-44,female,some-college,yes,3,3,rarely,da37f167-7830-401a-a21b-93ac2e7d7c4d,3,Fri Feb 20 2026 03:46:11 GMT+0000 (Coordinated Universal Time),0,False
6997db5d88f4573a6f59a17a,4cda1587-2983-46ea-9449-8ab46029fc28,A,False,True,Fri Feb 20 2026 03:56:13 GMT+0000 (Coordinated Universal Time),4,0,25-34,prefer-not-to-say,some-college,no,3,4,never,4cda1587-2983-46ea-9449-8ab46029fc28,3,Fri Feb 20 2026 03:56:13 GMT+0000 (Coordinated Universal Time),0,False
6997dc67ab80b8fa2d7e3679,58ff4088-6021-4e17-bcac-9c681d13d6d1,A,False,True,Fri Feb 20 2026 04:00:39 GMT+0000 (Coordinated Universal Time),4,0,35-44,prefer-not-to-say,high-school,yes,4,4,often,58ff4088-6021-4e17-bcac-9c681d13d6d1,3,Fri Feb 20 2026 04:00:39 GMT+0000 (Coordinated Universal Time),0,False
6997ddd6f726fe57b81882a3,42e2c15e-fbab-488b-a790-e5d13265f2b3,C,False,True,Fri Feb 20 2026 04:06:46 GMT+0000 (Coordinated Universal Time),4,0,55+,female,bachelors,no,3,3,never,42e2c15e-fbab-488b-a790-e5d13265f2b3,3,Fri Feb 20 2026 04:06:46 GMT+0000 (Coordinated Universal Time),0,False
6997df21f726fe57b81882a8,db53f8b1-bdc8-4d47-999f-77be897f9f20,C,False,True,Fri Feb 20 2026 04:12:17 GMT+0000 (Coordinated Universal Time),3,0,45-54,prefer-not-to-say,high-school,no,4,4,rarely,db53f8b1-bdc8-4d47-999f-77be897f9f20,3,Fri Feb 20 2026 04:12:17 GMT+0000 (Coordinated Universal Time),0,False
6997e065b827d9ae2c101869,92a2c47d-11ff-40b1-8dd2-40ed5ad57c74,A,True,True,Fri Feb 20 2026 04:17:41 GMT+0000 (Coordinated Universal Time),5,178,25-34,male,some-college,yes,5,5,never,92a2c47d-11ff-40b1-8dd2-40ed5ad57c74,5,Fri Feb 20 2026 04:17:41 GMT+0000 (Coordinated Universal Time),0,False
6997e44eb827d9ae2c1018ac,56dc546a-a002-4cab-a548-8d8c8a24ca70,A,True,True,Fri Feb 20 2026 04:34:22 GMT+0000 (Coordinated Universal Time),6,1816,25-34,male,masters,yes,2,4,often,56dc546a-a002-4cab-a548-8d8c8a24ca70,5,Fri Feb 20 2026 04:34:22 GMT+0000 (Coordinated Universal Time),0,False
6997e457b827d9ae2c1018af,e2e07f1d-8179-4412-945a-b10e3aea8e2a,C,True,True,Fri Feb 20 2026 04:34:31 GMT+0000 (Coordinated Universal Time),8,442,18-24,female,bachelors,yes,5,4,very-often,e2e07f1d-8179-4412-945a-b10e3aea8e2a,5,Fri Feb 20 2026 04:34:31 GMT+0000 (Coordinated Universal Time),0,False
6997eae0b827d9ae2c101943,982acd14-8270-4768-8d63-abe8bd5315ba,C,True,True,Fri Feb 20 2026 05:02:24 GMT+0000 (Coordinated Universal Time),43,583,45-54,female,some-college,yes,2,2,sometimes,982acd14-8270-4768-8d63-abe8bd5315ba,5,Fri Feb 20 2026 05:02:24 GMT+0000 (Coordinated Universal Time),0,False
6997f1b7b827d9ae2c101990,157cab83-abab-46ff-9516-917037893b60,A,True,True,Fri Feb 20 2026 05:31:35 GMT+0000 (Coordinated Universal Time),37,413,45-54,male,bachelors,no,1,1,rarely,157cab83-abab-46ff-9516-917037893b60,5,Fri Feb 20 2026 05:31:35 GMT+0000 (Coordinated Universal Time),0,False
6998067ab827d9ae2c1019ca,31661b08-08ec-495a-845e-96ead8bb49d5,A,False,True,Fri Feb 20 2026 07:00:10 GMT+0000 (Coordinated Universal Time),4,0,25-34,male,masters,yes,4,4,often,31661b08-08ec-495a-845e-96ead8bb49d5,3,Fri Feb 20 2026 07:00:10 GMT+0000 (Coordinated Universal Time),0,False
69987003b827d9ae2c1019cf,5f3f97ac-9e99-4b02-b2f8-50f82e7545b5,C,False,True,Fri Feb 20 2026 14:30:27 GMT+0000 (Coordinated Universal Time),170,0,18-24,female,bachelors,yes,3,3,very-often,5f3f97ac-9e99-4b02-b2f8-50f82e7545b5,3,Fri Feb 20 2026 14:30:27 GMT+0000 (Coordinated Universal Time),0,False
699876a6b827d9ae2c101a9e,c55d3b23-f125-435c-a332-88ef3e6d1365,A,False,True,Fri Feb 20 2026 14:58:46 GMT+0000 (Coordinated Universal Time),4,0,18-24,female,bachelors,yes,4,3,very-often,c55d3b23-f125-435c-a332-88ef3e6d1365,3,Fri Feb 20 2026 14:58:46 GMT+0000 (Coordinated Universal Time),0,False
699876cdb827d9ae2c101aa3,70d96c86-c17b-45aa-9c25-d845eecf5473,C,True,True,Fri Feb 20 2026 14:59:25 GMT+0000 (Coordinated Universal Time),4,306,18-24,female,bachelors,yes,4,3,very-often,70d96c86-c17b-45aa-9c25-d845eecf5473,5,Fri Feb 20 2026 14:59:25 GMT+0000 (Coordinated Universal Time),0,False
69988338b827d9ae2c101b13,cd7a14d2-9ab7-41a5-bba8-d1681fb5d474,C,False,True,Fri Feb 20 2026 15:52:24 GMT+0000 (Coordinated Universal Time),20,0,18-24,male,high-school,yes,3,3,often,cd7a14d2-9ab7-41a5-bba8-d1681fb5d474,3,Fri Feb 20 2026 15:52:24 GMT+0000 (Coordinated Universal Time),0,False
699883ffb827d9ae2c101b1c,b7eb39a2-e2c7-4480-be02-27723384a580,A,False,True,Fri Feb 20 2026 15:55:43 GMT+0000 (Coordinated Universal Time),0,0,,,,,0,0,,b7eb39a2-e2c7-4480-be02-27723384a580,1,Fri Feb 20 2026 15:55:43 GMT+0000 (Coordinated Universal Time),0,False
6998a106b827d9ae2c101b1f,a3e5060f-d872-471c-b6bc-8fb7c1df8ae3,C,False,True,Fri Feb 20 2026 17:59:34 GMT+0000 (Coordinated Universal Time),72,0,18-24,male,masters,yes,3,4,often,a3e5060f-d872-471c-b6bc-8fb7c1df8ae3,3,Fri Feb 20 2026 17:59:34 GMT+0000 (Coordinated Universal Time),0,False
6998ac43b827d9ae2c101b54,871a04a1-d2e3-48a9-96dc-fdf93b7634bd,A,True,True,Fri Feb 20 2026 18:47:31 GMT+0000 (Coordinated Universal Time),4,719,18-24,male,high-school,yes,3,3,very-often,871a04a1-d2e3-48a9-96dc-fdf93b7634bd,5,Fri Feb 20 2026 18:47:31 GMT+0000 (Coordinated Universal Time),0,False
6998c871b827d9ae2c101b8e,7bdd05f3-157f-460a-9fa7-78218f38e94a,C,True,True,Fri Feb 20 2026 20:47:45 GMT+0000 (Coordinated Universal Time),4,756,18-24,male,bachelors,yes,4,3,often,7bdd05f3-157f-460a-9fa7-78218f38e94a,5,Fri Feb 20 2026 20:47:45 GMT+0000 (Coordinated Universal Time),0,False
69994e57b827d9ae2c101bee,c8404013-34b4-433d-97d6-511b017b51c2,A,True,True,Sat Feb 21 2026 06:19:03 GMT+0000 (Coordinated Universal Time),4,184,18-24,female,bachelors,no,2,1,rarely,c8404013-34b4-433d-97d6-511b017b51c2,5,Sat Feb 21 2026 06:19:03 GMT+0000 (Coordinated Universal Time),0,False
699973efb827d9ae2c101c30,e0271520-07b9-474a-8acc-00dd302be241,A,False,True,Sat Feb 21 2026 08:59:27 GMT+0000 (Coordinated Universal Time),6,0,25-34,prefer-not-to-say,masters,no,2,3,often,e0271520-07b9-474a-8acc-00dd302be241,3,Sat Feb 21 2026 08:59:27 GMT+0000 (Coordinated Universal Time),0,False
69997837b827d9ae2c101c64,cde59e20-693f-4bb5-a266-36bf0850c247,C,False,True,Sat Feb 21 2026 09:17:43 GMT+0000 (Coordinated Universal Time),5,0,25-34,prefer-not-to-say,masters,no,2,4,often,cde59e20-693f-4bb5-a266-36bf0850c247,3,Sat Feb 21 2026 09:17:43 GMT+0000 (Coordinated Universal Time),0,False
69999e3fb827d9ae2c101cb9,dd647b47-6a3b-4360-98f5-58a0852d6b4f,A,False,True,Sat Feb 21 2026 11:59:59 GMT+0000 (Coordinated Universal Time),7,0,55+,male,high-school,no,3,4,never,dd647b47-6a3b-4360-98f5-58a0852d6b4f,3,Sat Feb 21 2026 11:59:59 GMT+0000 (Coordinated Universal Time),0,False
6999a586b827d9ae2c101cdc,dc165136-ff71-4ab3-8e4b-5afe4edf0d1b,C,True,True,Sat Feb 21 2026 12:31:02 GMT+0000 (Coordinated Universal Time),15,974,18-24,male,masters,yes,2,4,often,dc165136-ff71-4ab3-8e4b-5afe4edf0d1b,5,Sat Feb 21 2026 12:31:02 GMT+0000 (Coordinated Universal Time),0,False
6999a9a2b827d9ae2c101d9c,c56daf14-50d3-4470-b415-4e89352331ab,C,False,True,Sat Feb 21 2026 12:48:34 GMT+0000 (Coordinated Universal Time),12,0,25-34,male,masters,yes,4,4,sometimes,c56daf14-50d3-4470-b415-4e89352331ab,3,Sat Feb 21 2026 12:48:34 GMT+0000 (Coordinated Universal Time),0,False
6999a9abb827d9ae2c101d9f,d650ec99-6b1a-492b-aab3-7023ff8d6463,A,False,True,Sat Feb 21 2026 12:48:43 GMT+0000 (Coordinated Universal Time),4,0,18-24,prefer-not-to-say,masters,no,3,3,often,d650ec99-6b1a-492b-aab3-7023ff8d6463,3,Sat Feb 21 2026 12:48:43 GMT+0000 (Coordinated Universal Time),0,False
6999aaafb827d9ae2c101da4,36cbe6e6-48c2-45a2-a00b-52db8cbfdd96,C,False,True,Sat Feb 21 2026 12:53:03 GMT+0000 (Coordinated Universal Time),0,0,,,,,0,0,,36cbe6e6-48c2-45a2-a00b-52db8cbfdd96,1,Sat Feb 21 2026 12:53:03 GMT+0000 (Coordinated Universal Time),0,False
6999ac0eb827d9ae2c101da7,ff15d97a-a13c-4097-8220-1796eca4971f,A,True,True,Sat Feb 21 2026 12:58:54 GMT+0000 (Coordinated Universal Time),4,2300,25-34,male,masters,yes,4,4,sometimes,ff15d97a-a13c-4097-8220-1796eca4971f,5,Sat Feb 21 2026 12:58:54 GMT+0000 (Coordinated Universal Time),0,False
6999ac85b827d9ae2c101dc6,3186a99e-25c2-42bb-94a6-4ef2758e4c99,C,True,True,Sat Feb 21 2026 13:00:53 GMT+0000 (Coordinated Universal Time),4,1247,25-34,prefer-not-to-say,high-school,yes,3,2,very-often,3186a99e-25c2-42bb-94a6-4ef2758e4c99,5,Sat Feb 21 2026 13:00:53 GMT+0000 (Coordinated Universal Time),0,False
6999b183b827d9ae2c101e4e,72616102-b106-4168-a359-c28aeddf3d46,A,True,True,Sat Feb 21 2026 13:22:11 GMT+0000 (Coordinated Universal Time),4,317,18-24,prefer-not-to-say,masters,no,2,2,rarely,72616102-b106-4168-a359-c28aeddf3d46,5,Sat Feb 21 2026 13:22:11 GMT+0000 (Coordinated Universal Time),0,False
6999b73db827d9ae2c101e9d,8fe7bbf2-49ec-4bd7-bf6f-3466f6e514dd,A,True,True,Sat Feb 21 2026 13:46:37 GMT+0000 (Coordinated Universal Time),4,0,35-44,male,some-college,yes,4,3,sometimes,8fe7bbf2-49ec-4bd7-bf6f-3466f6e514dd,5,Sat Feb 21 2026 13:46:37 GMT+0000 (Coordinated Universal Time),0,False
6999c530b827d9ae2c101edc,bd1d97a3-3e79-471f-bfdc-aebc4284735d,C,True,True,Sat Feb 21 2026 14:46:08 GMT+0000 (Coordinated Universal Time),9,1469,18-24,female,bachelors,yes,4,3,sometimes,bd1d97a3-3e79-471f-bfdc-aebc4284735d,5,Sat Feb 21 2026 14:46:08 GMT+0000 (Coordinated Universal Time),0,False
6999c6b2b827d9ae2c101f11,f3dcf613-ca02-4ab6-9062-b3d656bdca0a,C,True,True,Sat Feb 21 2026 14:52:34 GMT+0000 (Coordinated Universal Time),55,898,25-34,male,masters,yes,5,3,sometimes,f3dcf613-ca02-4ab6-9062-b3d656bdca0a,5,Sat Feb 21 2026 14:52:34 GMT+0000 (Coordinated Universal Time),0,False
6999cb0eb827d9ae2c101f6c,69d14f13-0270-4e47-90f5-c1206870e27e,A,False,True,Sat Feb 21 2026 15:11:10 GMT+0000 (Coordinated Universal Time),4,0,25-34,male,masters,yes,5,4,very-often,69d14f13-0270-4e47-90f5-c1206870e27e,3,Sat Feb 21 2026 15:11:10 GMT+0000 (Coordinated Universal Time),0,False
6999cb3fb827d9ae2c101f73,53b27a5a-fdd7-43dc-b4d4-1fd2ce6838b0,A,False,True,Sat Feb 21 2026 15:11:59 GMT+0000 (Coordinated Universal Time),4,0,18-24,female,masters,yes,3,2,sometimes,53b27a5a-fdd7-43dc-b4d4-1fd2ce6838b0,3,Sat Feb 21 2026 15:11:59 GMT+0000 (Coordinated Universal Time),0,False
6999cbe9b827d9ae2c101f84,572cc315-3457-446d-9de2-5477fb08fd31,C,True,True,Sat Feb 21 2026 15:14:49 GMT+0000 (Coordinated Universal Time),37,644,18-24,female,masters,yes,3,4,sometimes,572cc315-3457-446d-9de2-5477fb08fd31,5,Sat Feb 21 2026 15:14:49 GMT+0000 (Coordinated Universal Time),0,False
6999d761037acabdf52373ea,f87c17b4-0b13-40ce-8bba-11e92860d635,C,True,True,Sat Feb 21 2026 16:03:45 GMT+0000 (Coordinated Universal Time),5,0,25-34,female,masters,yes,5,5,often,f87c17b4-0b13-40ce-8bba-11e92860d635,5,Sat Feb 21 2026 16:03:45 GMT+0000 (Coordinated Universal Time),0,False
699aa793037acabdf523743f,93f6a902-848f-4e65-80a7-23f7c5be1345,A,True,True,Sun Feb 22 2026 06:52:03 GMT+0000 (Coordinated Universal Time),4,0,35-44,male,some-college,yes,2,2,rarely,93f6a902-848f-4e65-80a7-23f7c5be1345,5,Sun Feb 22 2026 06:52:03 GMT+0000 (Coordinated Universal Time),0,False
699aaebe037acabdf523747a,e38a5743-511a-4d2c-bea8-49ce8ebfdb5f,A,False,True,Sun Feb 22 2026 07:22:38 GMT+0000 (Coordinated Universal Time),5,0,18-24,male,masters,yes,5,5,very-often,e38a5743-511a-4d2c-bea8-49ce8ebfdb5f,3,Sun Feb 22 2026 07:22:38 GMT+0000 (Coordinated Universal Time),0,False
699ab361037acabdf523748b,8eff7806-5802-4e73-9c65-83d7084a914f,C,True,True,Sun Feb 22 2026 07:42:25 GMT+0000 (Coordinated Universal Time),38,984,18-24,female,doctorate,yes,1,4,sometimes,8eff7806-5802-4e73-9c65-83d7084a914f,5,Sun Feb 22 2026 07:42:25 GMT+0000 (Coordinated Universal Time),0,False
699c35fb037acabdf52374cf,b0f4f54b-66bd-4eac-b786-ac2d4a6740e7,A,True,True,Mon Feb 23 2026 11:11:55 GMT+0000 (Coordinated Universal Time),4,231,45-54,female,some-college,no,1,1,never,b0f4f54b-66bd-4eac-b786-ac2d4a6740e7,5,Mon Feb 23 2026 11:11:55 GMT+0000 (Coordinated Universal Time),0,False
699dc22d17172886a4acb5f7,049fe0b5-949f-4ba5-ae65-f71198b2b1cd,C,False,True,Tue Feb 24 2026 15:22:21 GMT+0000 (Coordinated Universal Time),13,0,18-24,male,high-school,yes,4,4,sometimes,049fe0b5-949f-4ba5-ae65-f71198b2b1cd,3,Tue Feb 24 2026 15:22:21 GMT+0000 (Coordinated Universal Time),0,False
699dc5faf0afcc29bcf7a165,5a1ca420-2d01-4c3b-880c-0fe0576bc882,A,False,True,Tue Feb 24 2026 15:38:34 GMT+0000 (Coordinated Universal Time),4,0,35-44,female,some-college,yes,3,3,never,5a1ca420-2d01-4c3b-880c-0fe0576bc882,3,Tue Feb 24 2026 15:38:34 GMT+0000 (Coordinated Universal Time),0,False
699dc921f0afcc29bcf7a16f,37667604-93cd-4a06-be8b-32d7391a4791,C,False,True,Tue Feb 24 2026 15:52:01 GMT+0000 (Coordinated Universal Time),4,0,35-44,prefer-not-to-say,doctorate,yes,3,3,rarely,37667604-93cd-4a06-be8b-32d7391a4791,3,Tue Feb 24 2026 15:52:01 GMT+0000 (Coordinated Universal Time),0,False
699e84baf0afcc29bcf7a174,ff695f12-8241-49d7-9ea7-8c6e4040862a,C,False,True,Wed Feb 25 2026 05:12:26 GMT+0000 (Coordinated Universal Time),4,0,25-34,female,some-college,yes,3,2,never,ff695f12-8241-49d7-9ea7-8c6e4040862a,3,Wed Feb 25 2026 05:12:26 GMT+0000 (Coordinated Universal Time),0,False
699e902afe0ef651725826fb,3e375fbd-4492-440e-a4c0-46037bbac953,A,False,True,Wed Feb 25 2026 06:01:14 GMT+0000 (Coordinated Universal Time),4,0,25-34,female,some-college,yes,3,4,rarely,3e375fbd-4492-440e-a4c0-46037bbac953,3,Wed Feb 25 2026 06:01:14 GMT+0000 (Coordinated Universal Time),0,False
699e987d22d68cbfcf2bff3a,bb84693b-3566-40ad-8e26-cef451cb139e,A,False,True,Wed Feb 25 2026 06:36:45 GMT+0000 (Coordinated Universal Time),5,0,35-44,prefer-not-to-say,some-college,yes,3,4,rarely,bb84693b-3566-40ad-8e26-cef451cb139e,3,Wed Feb 25 2026 06:36:45 GMT+0000 (Coordinated Universal Time),0,False
699e9a0c22d68cbfcf2bff47,54ba9906-0213-4277-b841-ca391c6f6252,C,True,True,Wed Feb 25 2026 06:43:24 GMT+0000 (Coordinated Universal Time),14,135,45-54,male,some-college,yes,4,4,often,54ba9906-0213-4277-b841-ca391c6f6252,5,Wed Feb 25 2026 06:43:24 GMT+0000 (Coordinated Universal Time),0,False
699eaae7395a3e72662ad0d8,0a86dc84-0d43-4828-9d5b-e42f88e5062e,C,False,True,Wed Feb 25 2026 07:55:19 GMT+0000 (Coordinated Universal Time),0,0,25-34,female,masters,yes,5,5,very-often,0a86dc84-0d43-4828-9d5b-e42f88e5062e,2,Wed Feb 25 2026 07:55:19 GMT+0000 (Coordinated Universal Time),0,False
699eab13395a3e72662ad0e1,68a26c20-d416-4fb1-9a6e-1c8147b9025d,A,True,True,Wed Feb 25 2026 07:56:03 GMT+0000 (Coordinated Universal Time),4,77,25-34,female,doctorate,yes,5,5,very-often,68a26c20-d416-4fb1-9a6e-1c8147b9025d,5,Wed Feb 25 2026 07:56:03 GMT+0000 (Coordinated Universal Time),0,False
699eacdc395a3e72662ad119,35ad47e4-ed54-4633-8d71-a683a1f1117d,A,True,True,Wed Feb 25 2026 08:03:40 GMT+0000 (Coordinated Universal Time),5,192,18-24,female,bachelors,yes,4,3,often,35ad47e4-ed54-4633-8d71-a683a1f1117d,5,Wed Feb 25 2026 08:03:40 GMT+0000 (Coordinated Universal Time),0,False
699eadb2395a3e72662ad14d,9e2c9877-ed64-431b-9516-8e3c2f8baf07,C,True,True,Wed Feb 25 2026 08:07:14 GMT+0000 (Coordinated Universal Time),26,148,45-54,female,some-college,yes,4,5,sometimes,9e2c9877-ed64-431b-9516-8e3c2f8baf07,5,Wed Feb 25 2026 08:07:14 GMT+0000 (Coordinated Universal Time),0,False
699eae5e395a3e72662ad181,376d22d5-c528-459d-9227-b3abacbece81,C,True,True,Wed Feb 25 2026 08:10:06 GMT+0000 (Coordinated Universal Time),10,82,45-54,female,bachelors,yes,2,3,rarely,376d22d5-c528-459d-9227-b3abacbece81,5,Wed Feb 25 2026 08:10:06 GMT+0000 (Coordinated Universal Time),0,False
699eaebc395a3e72662ad1b5,9fba2754-b9e8-43f7-b4d8-77f6d9656eb3,A,True,True,Wed Feb 25 2026 08:11:40 GMT+0000 (Coordinated Universal Time),4,77,45-54,male,some-college,yes,4,3,rarely,9fba2754-b9e8-43f7-b4d8-77f6d9656eb3,5,Wed Feb 25 2026 08:11:40 GMT+0000 (Coordinated Universal Time),0,False
699eafb6395a3e72662ad1e9,0fb00b5a-fda9-4340-8b65-89445b8a1ff6,C,True,True,Wed Feb 25 2026 08:15:50 GMT+0000 (Coordinated Universal Time),12,273,35-44,female,masters,yes,4,3,often,0fb00b5a-fda9-4340-8b65-89445b8a1ff6,5,Wed Feb 25 2026 08:15:50 GMT+0000 (Coordinated Universal Time),0,False
699eb067395a3e72662ad202,7cb1cf01-684b-4f4e-934d-42d2d8494a9a,A,True,True,Wed Feb 25 2026 08:18:47 GMT+0000 (Coordinated Universal Time),4,111,18-24,male,bachelors,yes,4,3,often,7cb1cf01-684b-4f4e-934d-42d2d8494a9a,5,Wed Feb 25 2026 08:18:47 GMT+0000 (Coordinated Universal Time),0,False
699eb10b395a3e72662ad255,81642ecd-aa3f-47b2-a21b-a87dab1197ef,A,True,True,Wed Feb 25 2026 08:21:31 GMT+0000 (Coordinated Universal Time),3,91,45-54,male,bachelors,no,2,2,rarely,81642ecd-aa3f-47b2-a21b-a87dab1197ef,5,Wed Feb 25 2026 08:21:31 GMT+0000 (Coordinated Universal Time),0,False
699eb126395a3e72662ad25c,d54ab357-1513-4dbd-8ba9-2c87d1bd91be,C,True,True,Wed Feb 25 2026 08:21:58 GMT+0000 (Coordinated Universal Time),20,157,18-24,female,some-college,yes,4,5,sometimes,d54ab357-1513-4dbd-8ba9-2c87d1bd91be,5,Wed Feb 25 2026 08:21:58 GMT+0000 (Coordinated Universal Time),0,False
699eb194395a3e72662ad2ac,b74d995b-1c29-4b23-8d27-ebc1fa1d842b,C,False,True,Wed Feb 25 2026 08:23:48 GMT+0000 (Coordinated Universal Time),20,0,18-24,female,bachelors,yes,4,3,sometimes,b74d995b-1c29-4b23-8d27-ebc1fa1d842b,3,Wed Feb 25 2026 08:23:48 GMT+0000 (Coordinated Universal Time),0,False
699eb1c2395a3e72662ad2be,e0ec20b4-c1ce-4a49-b377-7ca102330663,A,True,True,Wed Feb 25 2026 08:24:34 GMT+0000 (Coordinated Universal Time),33,724,18-24,female,bachelors,yes,3,2,sometimes,e0ec20b4-c1ce-4a49-b377-7ca102330663,5,Wed Feb 25 2026 08:24:34 GMT+0000 (Coordinated Universal Time),0,False
699eb1dd395a3e72662ad2c5,10924fac-d1e5-4552-a0c3-2c1e96c358c8,C,False,True,Wed Feb 25 2026 08:25:01 GMT+0000 (Coordinated Universal Time),0,0,25-34,female,masters,yes,4,3,sometimes,10924fac-d1e5-4552-a0c3-2c1e96c358c8,2,Wed Feb 25 2026 08:25:01 GMT+0000 (Coordinated Universal Time),0,False
699eb823395a3e72662ad2fa,84a7877a-b5e7-49e1-857b-bc77e2e72950,A,False,True,Wed Feb 25 2026 08:51:47 GMT+0000 (Coordinated Universal Time),4,0,55+,female,some-college,yes,2,1,rarely,84a7877a-b5e7-49e1-857b-bc77e2e72950,3,Wed Feb 25 2026 08:51:47 GMT+0000 (Coordinated Universal Time),0,False
699eb9af395a3e72662ad2ff,20dd1c90-ef04-485c-9845-1023144c2758,C,False,True,Wed Feb 25 2026 08:58:23 GMT+0000 (Coordinated Universal Time),18,0,25-34,male,bachelors,yes,3,5,very-often,20dd1c90-ef04-485c-9845-1023144c2758,3,Wed Feb 25 2026 08:58:23 GMT+0000 (Coordinated Universal Time),0,False
699ebcbc395a3e72662ad323,3eff7f85-aae3-4127-a9db-c3f876c6c9e9,A,True,True,Wed Feb 25 2026 09:11:24 GMT+0000 (Coordinated Universal Time),4,119,25-34,male,bachelors,yes,5,3,sometimes,3eff7f85-aae3-4127-a9db-c3f876c6c9e9,5,Wed Feb 25 2026 09:11:24 GMT+0000 (Coordinated Universal Time),0,False
699ebf04395a3e72662ad357,f6a5b405-b774-42c9-8516-99b7fea6d598,A,False,True,Wed Feb 25 2026 09:21:08 GMT+0000 (Coordinated Universal Time),0,0,,,,,0,0,,f6a5b405-b774-42c9-8516-99b7fea6d598,1,Wed Feb 25 2026 09:21:08 GMT+0000 (Coordinated Universal Time),0,False
699ec304395a3e72662ad35a,31700d1b-9dea-42f9-ac04-cbbba4bf9d45,C,True,True,Wed Feb 25 2026 09:38:12 GMT+0000 (Coordinated Universal Time),38,205,25-34,female,masters,yes,3,4,sometimes,31700d1b-9dea-42f9-ac04-cbbba4bf9d45,5,Wed Feb 25 2026 09:38:12 GMT+0000 (Coordinated Universal Time),0,False
699ec764395a3e72662ad38e,b4a0305b-b2de-4bc8-be9c-c9ca9b85f025,A,True,True,Wed Feb 25 2026 09:56:52 GMT+0000 (Coordinated Universal Time),4,310,25-34,male,masters,yes,4,4,often,b4a0305b-b2de-4bc8-be9c-c9ca9b85f025,5,Wed Feb 25 2026 09:56:52 GMT+0000 (Coordinated Universal Time),0,False
699ec855395a3e72662ad3ad,82f76de8-4a50-4bde-9eb9-2753908075e0,C,True,True,Wed Feb 25 2026 10:00:53 GMT+0000 (Coordinated Universal Time),4,177,25-34,female,bachelors,yes,5,5,often,82f76de8-4a50-4bde-9eb9-2753908075e0,5,Wed Feb 25 2026 10:00:53 GMT+0000 (Coordinated Universal Time),0,False
699eef66395a3e72662ad3f6,c9be7901-29a2-468b-a803-af579e52f2ff,C,False,True,Wed Feb 25 2026 12:47:34 GMT+0000 (Coordinated Universal Time),138,0,25-34,female,masters,yes,4,4,sometimes,c9be7901-29a2-468b-a803-af579e52f2ff,3,Wed Feb 25 2026 12:47:34 GMT+0000 (Coordinated Universal Time),0,False
699ef19d395a3e72662ad415,94e6eee4-84c5-44b8-b43e-886d1e94e619,A,False,True,Wed Feb 25 2026 12:57:01 GMT+0000 (Coordinated Universal Time),7,0,25-34,female,masters,yes,4,2,sometimes,94e6eee4-84c5-44b8-b43e-886d1e94e619,3,Wed Feb 25 2026 12:57:01 GMT+0000 (Coordinated Universal Time),0,False
699ef315395a3e72662ad446,0c687978-2cd5-438a-a7b4-ea279c3036a6,C,True,True,Wed Feb 25 2026 13:03:17 GMT+0000 (Coordinated Universal Time),16,469,25-34,female,masters,yes,4,2,sometimes,0c687978-2cd5-438a-a7b4-ea279c3036a6,5,Wed Feb 25 2026 13:03:17 GMT+0000 (Coordinated Universal Time),0,False
699ef803395a3e72662ad47a,8bad7b10-40df-44a4-a181-99b014705c15,A,False,True,Wed Feb 25 2026 13:24:19 GMT+0000 (Coordinated Universal Time),5,0,18-24,female,bachelors,yes,4,4,very-often,8bad7b10-40df-44a4-a181-99b014705c15,3,Wed Feb 25 2026 13:24:19 GMT+0000 (Coordinated Universal Time),0,False
699ef81a395a3e72662ad47f,833b08c0-b7cf-4249-b2cb-a73bdd0b1f48,A,True,True,Wed Feb 25 2026 13:24:42 GMT+0000 (Coordinated Universal Time),8,693,18-24,female,bachelors,yes,5,4,often,833b08c0-b7cf-4249-b2cb-a73bdd0b1f48,5,Wed Feb 25 2026 13:24:42 GMT+0000 (Coordinated Universal Time),0,False
699ef84b395a3e72662ad482,a56e4b61-832a-4945-bab5-456044fa33e4,C,True,True,Wed Feb 25 2026 13:25:31 GMT+0000 (Coordinated Universal Time),7,373,18-24,female,bachelors,yes,4,3,very-often,a56e4b61-832a-4945-bab5-456044fa33e4,5,Wed Feb 25 2026 13:25:31 GMT+0000 (Coordinated Universal Time),0,False
699efc21395a3e72662ad4e7,662e6bd0-995a-4088-ad99-e85ae76fe58a,C,True,True,Wed Feb 25 2026 13:41:53 GMT+0000 (Coordinated Universal Time),27,295,18-24,female,bachelors,yes,3,2,rarely,662e6bd0-995a-4088-ad99-e85ae76fe58a,5,Wed Feb 25 2026 13:41:53 GMT+0000 (Coordinated Universal Time),0,False
699f05c2395a3e72662ad51b,2c325535-b13f-4d54-accc-9edaa3b01783,A,False,True,Wed Feb 25 2026 14:22:58 GMT+0000 (Coordinated Universal Time),0,0,,,,,0,0,,2c325535-b13f-4d54-accc-9edaa3b01783,1,Wed Feb 25 2026 14:22:58 GMT+0000 (Coordinated Universal Time),0,False
699f0656395a3e72662ad51e,7a150c25-4f31-47a6-a712-dd5a1078ee15,A,True,True,Wed Feb 25 2026 14:25:26 GMT+0000 (Coordinated Universal Time),6,366,18-24,female,bachelors,yes,5,5,often,7a150c25-4f31-47a6-a712-dd5a1078ee15,5,Wed Feb 25 2026 14:25:26 GMT+0000 (Coordinated Universal Time),0,False
699f0a94395a3e72662ad552,060b4321-f0e5-437e-92ba-bde0447825f6,C,True,True,Wed Feb 25 2026 14:43:32 GMT+0000 (Coordinated Universal Time),26,501,18-24,female,bachelors,yes,4,5,sometimes,060b4321-f0e5-437e-92ba-bde0447825f6,5,Wed Feb 25 2026 14:43:32 GMT+0000 (Coordinated Universal Time),0,False
699f0c4b395a3e72662ad582,a53264b1-fd78-4ea7-ac5f-dc96cc4d1c84,A,False,True,Wed Feb 25 2026 14:50:51 GMT+0000 (Coordinated Universal Time),5,0,25-34,male,bachelors,yes,4,4,sometimes,a53264b1-fd78-4ea7-ac5f-dc96cc4d1c84,3,Wed Feb 25 2026 14:50:51 GMT+0000 (Coordinated Universal Time),0,False
699f0c70395a3e72662ad587,606ad8f0-3bcf-4582-a187-303c571d8210,C,False,True,Wed Feb 25 2026 14:51:28 GMT+0000 (Coordinated Universal Time),0,0,35-44,female,some-college,yes,4,4,sometimes,606ad8f0-3bcf-4582-a187-303c571d8210,2,Wed Feb 25 2026 14:51:28 GMT+0000 (Coordinated Universal Time),0,False
699f1754395a3e72662ad593,054510ca-3eec-4fe6-8afa-226ab68b725c,A,True,True,Wed Feb 25 2026 15:37:56 GMT+0000 (Coordinated Universal Time),4,201,25-34,male,masters,yes,4,4,sometimes,054510ca-3eec-4fe6-8afa-226ab68b725c,5,Wed Feb 25 2026 15:37:56 GMT+0000 (Coordinated Universal Time),0,False
699f1b72395a3e72662ad5c7,d038fdf4-a659-4a48-8452-41259974b3ff,C,True,True,Wed Feb 25 2026 15:55:30 GMT+0000 (Coordinated Universal Time),55,442,18-24,female,masters,yes,4,5,often,d038fdf4-a659-4a48-8452-41259974b3ff,5,Wed Feb 25 2026 15:55:30 GMT+0000 (Coordinated Universal Time),0,False
69a01637395a3e72662ad601,e65bf539-6dee-4810-b746-0dc326cff7dc,A,True,True,Thu Feb 26 2026 09:45:27 GMT+0000 (Coordinated Universal Time),4,0,25-34,female,masters,yes,3,2,sometimes,e65bf539-6dee-4810-b746-0dc326cff7dc,5,Thu Feb 26 2026 09:45:27 GMT+0000 (Coordinated Universal Time),0,False
69a016cb395a3e72662ad633,2714de67-fa84-42ab-a913-e68332b2a3a2,C,False,True,Thu Feb 26 2026 09:47:55 GMT+0000 (Coordinated Universal Time),63,0,18-24,female,bachelors,yes,4,3,sometimes,2714de67-fa84-42ab-a913-e68332b2a3a2,3,Thu Feb 26 2026 09:47:55 GMT+0000 (Coordinated Universal Time),0,False
69a016f6395a3e72662ad63d,8fc68597-ebe8-413c-bf64-2ba579dd1fd4,C,True,True,Thu Feb 26 2026 09:48:38 GMT+0000 (Coordinated Universal Time),76,1086,25-34,male,bachelors,yes,4,5,sometimes,8fc68597-ebe8-413c-bf64-2ba579dd1fd4,5,Thu Feb 26 2026 09:48:38 GMT+0000 (Coordinated Universal Time),0,False
69a01702395a3e72662ad640,f81e4f4f-f380-4e32-b4af-a2d45b818d64,A,True,True,Thu Feb 26 2026 09:48:50 GMT+0000 (Coordinated Universal Time),4,246,18-24,prefer-not-to-say,bachelors,yes,4,3,often,f81e4f4f-f380-4e32-b4af-a2d45b818d64,5,Thu Feb 26 2026 09:48:50 GMT+0000 (Coordinated Universal Time),0,False
69a018d1395a3e72662ad680,dcec668c-29d4-4db5-9198-c4ea1a30e1b3,C,True,True,Thu Feb 26 2026 09:56:33 GMT+0000 (Coordinated Universal Time),6,400,18-24,female,bachelors,yes,4,3,sometimes,dcec668c-29d4-4db5-9198-c4ea1a30e1b3,5,Thu Feb 26 2026 09:56:33 GMT+0000 (Coordinated Universal Time),0,False
69a01ac9395a3e72662ad6e1,a7b5ad8a-104f-4b3b-9ca0-716c8db5e927,A,False,True,Thu Feb 26 2026 10:04:57 GMT+0000 (Coordinated Universal Time),0,0,25-34,female,some-college,yes,4,4,rarely,a7b5ad8a-104f-4b3b-9ca0-716c8db5e927,2,Thu Feb 26 2026 10:04:57 GMT+0000 (Coordinated Universal Time),0,False
69a01add395a3e72662ad6e5,e0f7dd6d-68af-48b6-8d9c-293712428ae8,A,False,True,Thu Feb 26 2026 10:05:17 GMT+0000 (Coordinated Universal Time),4,0,25-34,male,bachelors,yes,5,5,often,e0f7dd6d-68af-48b6-8d9c-293712428ae8,3,Thu Feb 26 2026 10:05:17 GMT+0000 (Coordinated Universal Time),0,False
69a01b8c395a3e72662ad6ee,443e8258-0906-476e-83f3-794ca9a421fa,C,True,True,Thu Feb 26 2026 10:08:12 GMT+0000 (Coordinated Universal Time),8,114,18-24,male,bachelors,yes,4,4,sometimes,443e8258-0906-476e-83f3-794ca9a421fa,5,Thu Feb 26 2026 10:08:12 GMT+0000 (Coordinated Universal Time),0,False
69a02677395a3e72662ad722,eb3dd866-661a-490b-b487-cb0906195fe6,C,True,True,Thu Feb 26 2026 10:54:47 GMT+0000 (Coordinated Universal Time),11,185,18-24,female,bachelors,yes,4,3,sometimes,eb3dd866-661a-490b-b487-cb0906195fe6,5,Thu Feb 26 2026 10:54:47 GMT+0000 (Coordinated Universal Time),0,False
69a02758395a3e72662ad758,ef0f9bd5-a834-4ff1-b30d-d6e62fa3be92,A,False,True,Thu Feb 26 2026 10:58:32 GMT+0000 (Coordinated Universal Time),4,0,18-24,female,bachelors,yes,4,5,sometimes,ef0f9bd5-a834-4ff1-b30d-d6e62fa3be92,3,Thu Feb 26 2026 10:58:32 GMT+0000 (Coordinated Universal Time),0,False
69a0282e395a3e72662ad75d,26f195f1-09e9-4cf9-8eca-f32c0905b262,A,False,True,Thu Feb 26 2026 11:02:06 GMT+0000 (Coordinated Universal Time),4,0,18-24,female,bachelors,yes,4,5,sometimes,26f195f1-09e9-4cf9-8eca-f32c0905b262,3,Thu Feb 26 2026 11:02:06 GMT+0000 (Coordinated Universal Time),0,False
69a02831395a3e72662ad760,93a06e6f-5a94-453a-bea6-f13a2dcecd93,C,True,True,Thu Feb 26 2026 11:02:09 GMT+0000 (Coordinated Universal Time),43,867,25-34,female,masters,yes,5,4,sometimes,93a06e6f-5a94-453a-bea6-f13a2dcecd93,5,Thu Feb 26 2026 11:02:09 GMT+0000 (Coordinated Universal Time),0,False
69a02898395a3e72662ad767,0279953e-4ca2-45e2-a4f3-39ffdffe0dd0,A,True,True,Thu Feb 26 2026 11:03:52 GMT+0000 (Coordinated Universal Time),9,255,25-34,female,bachelors,yes,4,4,often,0279953e-4ca2-45e2-a4f3-39ffdffe0dd0,5,Thu Feb 26 2026 11:03:52 GMT+0000 (Coordinated Universal Time),0,False
69a04bef395a3e72662ad7d2,b9e3c9a5-5bca-4c4e-a203-d812f2c23a5e,C,True,True,Thu Feb 26 2026 13:34:39 GMT+0000 (Coordinated Universal Time),20,449,45-54,female,high-school,yes,3,3,rarely,b9e3c9a5-5bca-4c4e-a203-d812f2c23a5e,5,Thu Feb 26 2026 13:34:39 GMT+0000 (Coordinated Universal Time),0,False
69a04bef395a3e72662ad7d5,8f0882ca-44f3-4b71-b6bc-2886af1a80d5,C,True,True,Thu Feb 26 2026 13:34:39 GMT+0000 (Coordinated Universal Time),16,449,45-54,male,high-school,yes,3,3,rarely,8f0882ca-44f3-4b71-b6bc-2886af1a80d5,5,Thu Feb 26 2026 13:34:39 GMT+0000 (Coordinated Universal Time),0,False
69a05e5d395a3e72662ad83a,c9c4303a-0b65-4e02-bfd0-f14458519f7b,A,False,True,Thu Feb 26 2026 14:53:17 GMT+0000 (Coordinated Universal Time),0,0,,,,,0,0,,c9c4303a-0b65-4e02-bfd0-f14458519f7b,1,Thu Feb 26 2026 14:53:17 GMT+0000 (Coordinated Universal Time),0,False
69a0f470395a3e72662ad83d,3286160b-00fd-48c6-9740-100d93f928cf,C,True,True,Fri Feb 27 2026 01:33:36 GMT+0000 (Coordinated Universal Time),23,484,18-24,female,masters,yes,5,3,often,3286160b-00fd-48c6-9740-100d93f928cf,5,Fri Feb 27 2026 01:33:36 GMT+0000 (Coordinated Universal Time),0,False
69a1230e395a3e72662ad873,6a8ca942-3de8-4ff3-8227-ca9c1733a244,A,True,True,Fri Feb 27 2026 04:52:30 GMT+0000 (Coordinated Universal Time),7,449,25-34,female,bachelors,yes,4,3,sometimes,6a8ca942-3de8-4ff3-8227-ca9c1733a244,5,Fri Feb 27 2026 04:52:30 GMT+0000 (Coordinated Universal Time),0,False
69a123e7395a3e72662ad884,eb82f5c2-3642-40bb-969d-5651f118cdfa,C,True,True,Fri Feb 27 2026 04:56:07 GMT+0000 (Coordinated Universal Time),40,580,18-24,female,bachelors,yes,4,4,rarely,eb82f5c2-3642-40bb-969d-5651f118cdfa,5,Fri Feb 27 2026 04:56:07 GMT+0000 (Coordinated Universal Time),0,False
69a124b4395a3e72662ad8c2,ac4e6ffd-2f58-41af-9374-ac3d541f4bd8,A,False,True,Fri Feb 27 2026 04:59:32 GMT+0000 (Coordinated Universal Time),5,0,18-24,female,bachelors,yes,4,4,sometimes,ac4e6ffd-2f58-41af-9374-ac3d541f4bd8,3,Fri Feb 27 2026 04:59:32 GMT+0000 (Coordinated Universal Time),0,False
69a124eb395a3e72662ad8d5,af8d294f-d57f-4d50-99cb-eafc565429f1,C,True,True,Fri Feb 27 2026 05:00:27 GMT+0000 (Coordinated Universal Time),10,236,45-54,female,some-college,yes,2,3,rarely,af8d294f-d57f-4d50-99cb-eafc565429f1,5,Fri Feb 27 2026 05:00:27 GMT+0000 (Coordinated Universal Time),0,False
69a16914395a3e72662ad953,08be6acf-d1fe-4634-b3be-bdff187e2e47,A,False,True,Fri Feb 27 2026 09:51:16 GMT+0000 (Coordinated Universal Time),74,0,25-34,male,bachelors,yes,2,4,often,08be6acf-d1fe-4634-b3be-bdff187e2e47,3,Fri Feb 27 2026 09:51:16 GMT+0000 (Coordinated Universal Time),0,False
69a16929395a3e72662ad957,65811973-0675-42b8-8a43-5579416858b0,A,True,True,Fri Feb 27 2026 09:51:37 GMT+0000 (Coordinated Universal Time),6,185,18-24,female,bachelors,yes,2,4,often,65811973-0675-42b8-8a43-5579416858b0,5,Fri Feb 27 2026 09:51:37 GMT+0000 (Coordinated Universal Time),0,False
69a169f1395a3e72662ad996,db8bee84-d106-4ba2-ab9c-afabe8a2ad11,C,False,True,Fri Feb 27 2026 09:54:57 GMT+0000 (Coordinated Universal Time),4,0,25-34,male,bachelors,yes,2,4,very-often,db8bee84-d106-4ba2-ab9c-afabe8a2ad11,3,Fri Feb 27 2026 09:54:57 GMT+0000 (Coordinated Universal Time),0,False
69a169fe395a3e72662ad99a,a1e25e3e-85e1-453e-9435-b858744561e7,C,True,True,Fri Feb 27 2026 09:55:10 GMT+0000 (Coordinated Universal Time),28,191,18-24,male,bachelors,yes,2,1,sometimes,a1e25e3e-85e1-453e-9435-b858744561e7,5,Fri Feb 27 2026 09:55:10 GMT+0000 (Coordinated Universal Time),0,False
69a16b68395a3e72662ad9db,5b19539b-6dd6-4966-802b-42db7576a874,A,False,True,Fri Feb 27 2026 10:01:12 GMT+0000 (Coordinated Universal Time),5,0,25-34,male,bachelors,yes,2,4,very-often,5b19539b-6dd6-4966-802b-42db7576a874,3,Fri Feb 27 2026 10:01:12 GMT+0000 (Coordinated Universal Time),0,False
647e810b-cdac-438d-8a01-a79f2c0552b7,a65142a1-6733-4338-b43f-ac7ab61af9bc,A,True,True,Sun Mar 01 2026 08:40:55 GMT+0000 (Coordinated Universal Time),4,309,25-34,male,doctorate,yes,3,2,sometimes,a65142a1-6733-4338-b43f-ac7ab61af9bc,5,Sun Mar 01 2026 08:40:55 GMT+0000 (Coordinated Universal Time),0,
fabcaf01-7a9b-43dd-b313-b75ff307f400,21937e1a-04d7-4c7d-843c-8186ad696cd7,A,True,True,Sun Mar 01 2026 08:45:56 GMT+0000 (Coordinated Universal Time),9,944,25-34,female,high-school,yes,3,1,rarely,21937e1a-04d7-4c7d-843c-8186ad696cd7,5,Sun Mar 01 2026 08:45:56 GMT+0000 (Coordinated Universal Time),0,
1a675bcb-a4fd-4a34-bc3d-0b9f950204b9,d43a96a5-051a-442b-b312-fed7168671da,C,True,True,Sun Mar 01 2026 09:13:47 GMT+0000 (Coordinated Universal Time),7,2500,25-34,female,bachelors,yes,3,4,often,d43a96a5-051a-442b-b312-fed7168671da,5,Sun Mar 01 2026 09:13:47 GMT+0000 (Coordinated Universal Time),0,
3b4cc784-d70a-4270-a058-54327b1dad42,d5b7893e-9583-4346-8e7b-13713b17001a,A,True,True,Sun Mar 01 2026 09:47:02 GMT+0000 (Coordinated Universal Time),6,269,18-24,male,bachelors,yes,4,4,often,d5b7893e-9583-4346-8e7b-13713b17001a,5,Sun Mar 01 2026 09:47:02 GMT+0000 (Coordinated Universal Time),0,
08fb67a9-7dad-4352-8206-f827aa6ac665,297ce686-f0eb-48dc-8188-100a44e4a674,A,True,True,Sun Mar 01 2026 09:53:49 GMT+0000 (Coordinated Universal Time),9,2500,45-54,female,some-college,yes,2,2,very-often,297ce686-f0eb-48dc-8188-100a44e4a674,5,Sun Mar 01 2026 09:53:49 GMT+0000 (Coordinated Universal Time),0,
19c173cf-b5e3-4784-95ce-7e61a1f3e713,f5524fc8-c780-4e9b-97cc-4d794e161962,A,True,True,Sun Mar 01 2026 10:29:12 GMT+0000 (Coordinated Universal Time),8,266,45-54,female,some-college,yes,2,2,very-often,f5524fc8-c780-4e9b-97cc-4d794e161962,5,Sun Mar 01 2026 10:29:12 GMT+0000 (Coordinated Universal Time),0,
87ebc1ab-48a4-472c-ac46-f2abd5dd7902,74d342a1-3424-4b84-b7a8-3007c5b1e472,C,True,True,Sun Mar 01 2026 10:47:51 GMT+0000 (Coordinated Universal Time),19,782,18-24,male,masters,yes,4,4,very-often,74d342a1-3424-4b84-b7a8-3007c5b1e472,5,Sun Mar 01 2026 10:47:51 GMT+0000 (Coordinated Universal Time),0,
3df59f39-85da-4bf3-830a-b504916f18a3,abb9f8f7-3dff-4368-b664-2df158e53677,C,True,True,Sun Mar 01 2026 11:15:14 GMT+0000 (Coordinated Universal Time),11,1822,18-24,male,doctorate,yes,4,5,very-often,abb9f8f7-3dff-4368-b664-2df158e53677,5,Sun Mar 01 2026 11:15:14 GMT+0000 (Coordinated Universal Time),0,
ae94860a-24fc-4410-b63b-2c387721a99f,bd69b4d5-abb9-4700-8c0c-f5cf5dc916a4,C,True,True,Sun Mar 01 2026 11:29:00 GMT+0000 (Coordinated Universal Time),54,1084,35-44,male,masters,yes,4,3,often,bd69b4d5-abb9-4700-8c0c-f5cf5dc916a4,5,Sun Mar 01 2026 11:29:00 GMT+0000 (Coordinated Universal Time),0,
8c227cef-b1d5-4b21-98cc-00b22595d7e1,ba15d139-42e7-4ae4-9ef5-2719abe97098,C,True,True,Sun Mar 01 2026 12:26:43 GMT+0000 (Coordinated Universal Time),5,1440,25-34,male,bachelors,yes,3,3,very-often,ba15d139-42e7-4ae4-9ef5-2719abe97098,5,Sun Mar 01 2026 12:26:43 GMT+0000 (Coordinated Universal Time),0,
bca82b0b-7ddd-401c-b018-c40bfd2932de,df191463-be38-4dd8-b73c-b5d4ae1e74ac,A,True,True,Sun Mar 01 2026 13:07:00 GMT+0000 (Coordinated Universal Time),6,477,45-54,female,masters,yes,4,5,sometimes,df191463-be38-4dd8-b73c-b5d4ae1e74ac,5,Sun Mar 01 2026 13:07:00 GMT+0000 (Coordinated Universal Time),0,
0980fd71-06ea-4794-a120-966241088eb4,e80e89e8-a413-4314-bbec-7a9fa0d7f7a7,C,True,True,Sun Mar 01 2026 13:30:20 GMT+0000 (Coordinated Universal Time),64,1422,18-24,female,doctorate,no,3,3,rarely,e80e89e8-a413-4314-bbec-7a9fa0d7f7a7,5,Sun Mar 01 2026 13:30:20 GMT+0000 (Coordinated Universal Time),0,
3c49155a-bada-4428-b97b-898259a091ca,b61ef6df-338f-4da2-ad41-fdf629f87c49,A,True,True,Sun Mar 01 2026 13:50:05 GMT+0000 (Coordinated Universal Time),7,263,18-24,male,doctorate,yes,4,4,often,b61ef6df-338f-4da2-ad41-fdf629f87c49,5,Sun Mar 01 2026 13:50:05 GMT+0000 (Coordinated Universal Time),0,
2915cf20-49c9-4099-8ff2-0146383f700a,839ae30e-5b0e-4ff1-9cfb-58e893ea128a,A,True,True,Sun Mar 01 2026 14:38:57 GMT+0000 (Coordinated Universal Time),9,194,25-34,male,masters,yes,2,1,often,839ae30e-5b0e-4ff1-9cfb-58e893ea128a,5,Sun Mar 01 2026 14:38:57 GMT+0000 (Coordinated Universal Time),0,
411d892b-d762-4d1a-b427-343739bbcd8b,e247cbc6-2bf5-41dd-a65a-cf2d37bb54e8,C,True,True,Sun Mar 01 2026 15:05:54 GMT+0000 (Coordinated Universal Time),15,170,25-34,male,bachelors,yes,5,4,sometimes,e247cbc6-2bf5-41dd-a65a-cf2d37bb54e8,5,Sun Mar 01 2026 15:05:54 GMT+0000 (Coordinated Universal Time),0,
c4e60945-dcf3-4595-97b1-fd4e8bc6dcd9,2687a7ad-61dd-4c2f-bcda-2fb03e8400a9,C,True,True,Sun Mar 01 2026 15:33:26 GMT+0000 (Coordinated Universal Time),19,669,18-24,female,bachelors,yes,2,2,sometimes,2687a7ad-61dd-4c2f-bcda-2fb03e8400a9,5,Sun Mar 01 2026 15:33:26 GMT+0000 (Coordinated Universal Time),0,
3667e300-c19b-4265-900c-b73220f20df0,17428a45-12a0-4541-84ac-656e13bdd79a,A,True,True,Sun Mar 01 2026 16:25:59 GMT+0000 (Coordinated Universal Time),3,785,45-54,male,masters,no,2,2,very-often,17428a45-12a0-4541-84ac-656e13bdd79a,5,Sun Mar 01 2026 16:25:59 GMT+0000 (Coordinated Universal Time),0,
95e700da-5cdf-4570-81d5-a97478ea2ba2,89984002-a4e4-4838-b488-dbafdb6baec6,C,True,True,Sun Mar 01 2026 17:24:47 GMT+0000 (Coordinated Universal Time),30,120,25-34,male,bachelors,yes,5,5,very-often,89984002-a4e4-4838-b488-dbafdb6baec6,5,Sun Mar 01 2026 17:24:47 GMT+0000 (Coordinated Universal Time),0,
b44fb837-736d-4129-ab5e-8d30c73f72f3,5003083a-d034-4f21-acdf-eed9ec65cab3,C,True,True,Sun Mar 01 2026 17:56:13 GMT+0000 (Coordinated Universal Time),19,270,35-44,male,masters,yes,4,3,sometimes,5003083a-d034-4f21-acdf-eed9ec65cab3,5,Sun Mar 01 2026 17:56:13 GMT+0000 (Coordinated Universal Time),0,
4282435c-42d2-4855-a221-5f8b946399fc,b666bfe7-7b85-424f-b8cd-bc3b59c7ae79,C,True,True,Sun Mar 01 2026 18:18:38 GMT+0000 (Coordinated Universal Time),15,504,35-44,female,masters,yes,4,3,often,b666bfe7-7b85-424f-b8cd-bc3b59c7ae79,5,Sun Mar 01 2026 18:18:38 GMT+0000 (Coordinated Universal Time),0,
a681311e-5813-4f95-b042-d8c3d61756f1,2fd30af5-7786-4ba8-b95b-cc7dc4931dec,C,True,True,Sun Mar 01 2026 18:23:47 GMT+0000 (Coordinated Universal Time),19,623,25-34,male,masters,yes,3,3,very-often,2fd30af5-7786-4ba8-b95b-cc7dc4931dec,5,Sun Mar 01 2026 18:23:47 GMT+0000 (Coordinated Universal Time),0,
5dc8a873-60d0-4be5-ba13-d7a60dbd8b09,ea0c1b12-7bac-41c9-bb5a-7d86ef2bc32c,C,True,True,Sun Mar 01 2026 19:22:01 GMT+0000 (Coordinated Universal Time),11,513,18-24,male,bachelors,yes,3,4,very-often,ea0c1b12-7bac-41c9-bb5a-7d86ef2bc32c,5,Sun Mar 01 2026 19:22:01 GMT+0000 (Coordinated Universal Time),0,
ea20876f-b376-4a51-bfea-03005947a938,e80d74e6-5b56-4c1e-8d61-219ed597b1ef,A,True,True,Sun Mar 01 2026 19:53:19 GMT+0000 (Coordinated Universal Time),7,180,25-34,female,some-college,yes,1,2,sometimes,e80d74e6-5b56-4c1e-8d61-219ed597b1ef,5,Sun Mar 01 2026 19:53:19 GMT+0000 (Coordinated Universal Time),0,
7728794f-69eb-4045-8dc7-a05721d7fb98,ed7f7596-fd07-45ff-b881-25ba13750685,C,True,True,Sun Mar 01 2026 20:38:59 GMT+0000 (Coordinated Universal Time),91,242,18-24,male,some-college,yes,2,3,sometimes,ed7f7596-fd07-45ff-b881-25ba13750685,5,Sun Mar 01 2026 20:38:59 GMT+0000 (Coordinated Universal Time),0,
0e39728f-9b48-4272-80d2-8ca20a042844,34326b64-b44c-4477-8236-936027e28672,A,True,True,Sun Mar 01 2026 21:26:24 GMT+0000 (Coordinated Universal Time),8,902,25-34,female,masters,yes,4,3,often,34326b64-b44c-4477-8236-936027e28672,5,Sun Mar 01 2026 21:26:24 GMT+0000 (Coordinated Universal Time),0,
bd9e565c-d308-4d84-a826-0e5736aababd,7f6ce7ad-08ad-4fc2-980c-d64aa28a98af,C,True,True,Sun Mar 01 2026 21:55:13 GMT+0000 (Coordinated Universal Time),18,635,18-24,female,masters,yes,5,4,rarely,7f6ce7ad-08ad-4fc2-980c-d64aa28a98af,5,Sun Mar 01 2026 21:55:13 GMT+0000 (Coordinated Universal Time),0,
5650c197-185e-4bf7-ad60-1af304ca38f4,b8da76a4-8770-471e-bf9a-b40fc9b8409e,A,True,True,Sun Mar 01 2026 22:51:24 GMT+0000 (Coordinated Universal Time),8,510,18-24,prefer-not-to-say,some-college,no,4,3,never,b8da76a4-8770-471e-bf9a-b40fc9b8409e,5,Sun Mar 01 2026 22:51:24 GMT+0000 (Coordinated Universal Time),0,
8d489977-3727-47fe-8b3c-1eb4f7e7103d,36a1e564-3820-4c52-a1b5-281cad60242e,A,True,True,Sun Mar 01 2026 23:33:05 GMT+0000 (Coordinated Universal Time),9,663,45-54,prefer-not-to-say,bachelors,yes,2,1,often,36a1e564-3820-4c52-a1b5-281cad60242e,5,Sun Mar 01 2026 23:33:05 GMT+0000 (Coordinated Universal Time),0,
c31dc8bf-d10a-44d7-b17a-6a7cdd240591,705e65c9-e54d-4f1b-aa43-a4e25339e379,C,True,True,Sun Mar 01 2026 23:38:31 GMT+0000 (Coordinated Universal Time),25,611,18-24,female,doctorate,yes,4,4,very-often,705e65c9-e54d-4f1b-aa43-a4e25339e379,5,Sun Mar 01 2026 23:38:31 GMT+0000 (Coordinated Universal Time),0,
8ae84026-0cd8-407a-b7f0-51a4ebd5e9df,8179acba-f6b0-4909-808c-cb6bc6265994,C,True,True,Mon Mar 02 2026 00:34:43 GMT+0000 (Coordinated Universal Time),10,318,18-24,female,masters,yes,3,4,rarely,8179acba-f6b0-4909-808c-cb6bc6265994,5,Mon Mar 02 2026 00:34:43 GMT+0000 (Coordinated Universal Time),0,
f3479cb9-b91a-47dc-b321-41aa5ac7516c,ffc309f8-d586-4fa5-b961-a6768fcc69ed,C,True,True,Mon Mar 02 2026 00:44:37 GMT+0000 (Coordinated Universal Time),38,691,25-34,female,high-school,yes,3,1,often,ffc309f8-d586-4fa5-b961-a6768fcc69ed,5,Mon Mar 02 2026 00:44:37 GMT+0000 (Coordinated Universal Time),0,
5dfe50b4-a7b2-49d2-afdb-cddbf898a50d,165b420a-6dd8-450e-b149-9056d0e313a6,A,True,True,Mon Mar 02 2026 01:41:45 GMT+0000 (Coordinated Universal Time),8,177,18-24,male,bachelors,yes,5,4,very-often,165b420a-6dd8-450e-b149-9056d0e313a6,5,Mon Mar 02 2026 01:41:45 GMT+0000 (Coordinated Universal Time),0,
b8f0e9ae-f44b-4edb-805e-aec92c077b0a,29a247e5-9c69-4bd0-bc93-758fc4a5b41d,C,True,True,Mon Mar 02 2026 01:55:15 GMT+0000 (Coordinated Universal Time),7,454,18-24,male,bachelors,yes,4,4,rarely,29a247e5-9c69-4bd0-bc93-758fc4a5b41d,5,Mon Mar 02 2026 01:55:15 GMT+0000 (Coordinated Universal Time),0,
b051965d-fca4-4db5-b332-ac219302f1f2,287859ec-37c2-447d-94bf-b60d081d4c3b,A,True,True,Mon Mar 02 2026 02:39:16 GMT+0000 (Coordinated Universal Time),5,1604,45-54,male,high-school,yes,5,4,often,287859ec-37c2-447d-94bf-b60d081d4c3b,5,Mon Mar 02 2026 02:39:16 GMT+0000 (Coordinated Universal Time),0,
72fcdb01-f1ab-4f4b-a97a-43b5d8daf153,022fc934-c148-426c-a1b4-0214e3df36b0,C,True,True,Mon Mar 02 2026 02:47:43 GMT+0000 (Coordinated Universal Time),13,508,18-24,prefer-not-to-say,doctorate,yes,2,1,very-often,022fc934-c148-426c-a1b4-0214e3df36b0,5,Mon Mar 02 2026 02:47:43 GMT+0000 (Coordinated Universal Time),0,
cb5aa8a3-0472-4768-8858-ed38220c33dd,2cba8318-d156-4af9-b961-86c0f2ee6165,A,True,True,Mon Mar 02 2026 03:17:09 GMT+0000 (Coordinated Universal Time),4,2500,18-24,male,masters,yes,1,2,often,2cba8318-d156-4af9-b961-86c0f2ee6165,5,Mon Mar 02 2026 03:17:09 GMT+0000 (Coordinated Universal Time),0,
ac098e63-e523-44fa-a6f3-793336f914b9,335eb40d-f5c9-4a7b-8e8c-b04eb91bdd06,A,True,True,Mon Mar 02 2026 03:29:56 GMT+0000 (Coordinated Universal Time),9,268,25-34,female,masters,yes,5,5,sometimes,335eb40d-f5c9-4a7b-8e8c-b04eb91bdd06,5,Mon Mar 02 2026 03:29:56 GMT+0000 (Coordinated Universal Time),0,
5139b66a-fc76-43fd-86f5-55b0876e914a,1dc49c65-e282-40c5-9677-6eba8fc3dbcc,A,True,True,Mon Mar 02 2026 04:00:09 GMT+0000 (Coordinated Universal Time),4,343,45-54,male,masters,yes,4,3,often,1dc49c65-e282-40c5-9677-6eba8fc3dbcc,5,Mon Mar 02 2026 04:00:09 GMT+0000 (Coordinated Universal Time),0,
c4aa8d11-eeec-4ce8-96ff-60f70dec6364,d048cec6-eb8b-4bc7-b38d-88cbfaae3f59,A,True,True,Mon Mar 02 2026 04:10:50 GMT+0000 (Coordinated Universal Time),4,1010,18-24,male,masters,no,2,1,sometimes,d048cec6-eb8b-4bc7-b38d-88cbfaae3f59,5,Mon Mar 02 2026 04:10:50 GMT+0000 (Coordinated Universal Time),0,
e98a4166-28fa-4886-9c16-4088e3699d7f,9b05d91d-5396-4c56-a09a-a62d48f9fb38,C,True,True,Mon Mar 02 2026 04:59:18 GMT+0000 (Coordinated Universal Time),17,1156,18-24,prefer-not-to-say,masters,yes,2,1,very-often,9b05d91d-5396-4c56-a09a-a62d48f9fb38,5,Mon Mar 02 2026 04:59:18 GMT+0000 (Coordinated Universal Time),0,
97272a2a-0255-4661-be7b-5849ae0b02d3,662c6838-2d42-404d-b0d2-19ffb4d92a28,C,True,True,Mon Mar 02 2026 05:13:15 GMT+0000 (Coordinated Universal Time),29,204,18-24,male,high-school,yes,5,3,sometimes,662c6838-2d42-404d-b0d2-19ffb4d92a28,5,Mon Mar 02 2026 05:13:15 GMT+0000 (Coordinated Universal Time),0,
5ca46736-b308-43d7-b6a6-cd5159ffdf65,b99c31bc-4598-4f18-b9a5-2dd05b2d500e,A,True,True,Mon Mar 02 2026 05:23:21 GMT+0000 (Coordinated Universal Time),4,626,18-24,male,bachelors,yes,3,1,sometimes,b99c31bc-4598-4f18-b9a5-2dd05b2d500e,5,Mon Mar 02 2026 05:23:21 GMT+0000 (Coordinated Universal Time),0,
427648df-da36-442b-b714-01564aec93b0,044df129-8316-472c-8ed5-620e67497a7c,A,True,True,Mon Mar 02 2026 06:10:24 GMT+0000 (Coordinated Universal Time),3,1195,35-44,male,bachelors,yes,3,4,sometimes,044df129-8316-472c-8ed5-620e67497a7c,5,Mon Mar 02 2026 06:10:24 GMT+0000 (Coordinated Universal Time),0,
768993d4-22a3-4086-b690-c4901dbaefda,d0e8b3e7-0714-4ca2-b9de-6a7020c497dc,A,True,True,Mon Mar 02 2026 06:59:30 GMT+0000 (Coordinated Universal Time),8,291,25-34,male,masters,yes,2,3,sometimes,d0e8b3e7-0714-4ca2-b9de-6a7020c497dc,5,Mon Mar 02 2026 06:59:30 GMT+0000 (Coordinated Universal Time),0,
88f55eb6-e018-415e-903e-b3f1dabe8ea7,08307a9b-d4ea-4fb4-8178-c448ae46cc96,A,True,True,Mon Mar 02 2026 07:36:35 GMT+0000 (Coordinated Universal Time),8,553,45-54,female,bachelors,yes,3,4,very-often,08307a9b-d4ea-4fb4-8178-c448ae46cc96,5,Mon Mar 02 2026 07:36:35 GMT+0000 (Coordinated Universal Time),0,
dd226657-3130-4fa2-b98c-f4f3a3f54c76,7d8cb064-84aa-4154-9353-b2ba37510050,C,True,True,Mon Mar 02 2026 07:45:07 GMT+0000 (Coordinated Universal Time),46,974,45-54,male,masters,yes,2,3,often,7d8cb064-84aa-4154-9353-b2ba37510050,5,Mon Mar 02 2026 07:45:07 GMT+0000 (Coordinated Universal Time),0,
9e28ca42-0ffe-437e-9e4f-6e0b38cf9ecc,41f28bf0-ae5c-41b0-8273-c20eaa3e21ca,A,True,True,Mon Mar 02 2026 08:23:28 GMT+0000 (Coordinated Universal Time),7,477,25-34,male,bachelors,yes,4,4,sometimes,41f28bf0-ae5c-41b0-8273-c20eaa3e21ca,5,Mon Mar 02 2026 08:23:28 GMT+0000 (Coordinated Universal Time),0,
2a4607c9-4263-4f2a-97cd-118b7b1cc568,ebb55a5b-7103-434b-8f8e-822d0ba81dae,A,True,True,Mon Mar 02 2026 08:55:20 GMT+0000 (Coordinated Universal Time),9,259,25-34,prefer-not-to-say,doctorate,yes,3,2,sometimes,ebb55a5b-7103-434b-8f8e-822d0ba81dae,5,Mon Mar 02 2026 08:55:20 GMT+0000 (Coordinated Universal Time),0,
99dc2100-ca5e-41c7-bcc3-abcc9ef3bc32,3b9f22db-bba2-4726-8857-75061a1bd770,C,True,True,Mon Mar 02 2026 09:44:33 GMT+0000 (Coordinated Universal Time),42,480,25-34,female,some-college,yes,5,3,often,3b9f22db-bba2-4726-8857-75061a1bd770,5,Mon Mar 02 2026 09:44:33 GMT+0000 (Coordinated Universal Time),0,
b0f03f21-65ac-4c21-be0d-490b5ce5bd5b,1954f07d-6087-40b4-a18c-aa03c06df5a7,A,True,True,Mon Mar 02 2026 10:21:12 GMT+0000 (Coordinated Universal Time),6,1073,18-24,female,masters,yes,3,2,sometimes,1954f07d-6087-40b4-a18c-aa03c06df5a7,5,Mon Mar 02 2026 10:21:12 GMT+0000 (Coordinated Universal Time),0,
0c9f5ad3-e705-45fd-b85f-8ed09483238d,13183b1a-130b-4043-ad77-71b5aea0f963,C,True,True,Mon Mar 02 2026 10:50:18 GMT+0000 (Coordinated Universal Time),23,1045,25-34,male,high-school,no,4,2,sometimes,13183b1a-130b-4043-ad77-71b5aea0f963,5,Mon Mar 02 2026 10:50:18 GMT+0000 (Coordinated Universal Time),0,
7b8bdeeb-23dd-46a9-9690-6e5ca1ff1654,61662586-9e40-44b1-88bb-69d8e51a48ea,C,True,True,Mon Mar 02 2026 10:59:40 GMT+0000 (Coordinated Universal Time),16,224,35-44,female,masters,yes,2,3,sometimes,61662586-9e40-44b1-88bb-69d8e51a48ea,5,Mon Mar 02 2026 10:59:40 GMT+0000 (Coordinated Universal Time),0,
2861315d-9d51-4ceb-a9b9-3ec52a8c4b38,37f4170f-4493-47f7-aab3-decf26620f4f,A,True,True,Mon Mar 02 2026 11:17:25 GMT+0000 (Coordinated Universal Time),8,794,35-44,male,some-college,no,3,2,sometimes,37f4170f-4493-47f7-aab3-decf26620f4f,5,Mon Mar 02 2026 11:17:25 GMT+0000 (Coordinated Universal Time),0,
0d409dd1-2637-4204-9fa3-3d10a5039d82,d7c3883a-41c9-4409-abfd-38eacb7ea355,A,True,True,Mon Mar 02 2026 11:42:02 GMT+0000 (Coordinated Universal Time),3,264,18-24,male,masters,yes,2,3,very-often,d7c3883a-41c9-4409-abfd-38eacb7ea355,5,Mon Mar 02 2026 11:42:02 GMT+0000 (Coordinated Universal Time),0,
c33f10c3-9efa-481b-9b9d-97c5406ddc20,d4b4d6c9-df65-4944-b537-226499de99be,A,True,True,Mon Mar 02 2026 12:14:40 GMT+0000 (Coordinated Universal Time),8,860,25-34,female,masters,yes,4,2,sometimes,d4b4d6c9-df65-4944-b537-226499de99be,5,Mon Mar 02 2026 12:14:40 GMT+0000 (Coordinated Universal Time),0,
ebce4b10-d214-44a7-a11e-312ec6c0e17e,4babac31-d23c-45fd-945f-6aa39cefcb47,C,True,True,Mon Mar 02 2026 12:19:41 GMT+0000 (Coordinated Universal Time),48,857,25-34,female,masters,yes,4,3,very-often,4babac31-d23c-45fd-945f-6aa39cefcb47,5,Mon Mar 02 2026 12:19:41 GMT+0000 (Coordinated Universal Time),0,
143b048d-7264-46d2-a3b0-ff094823efb3,0100d27c-5a7d-4bb3-8fb0-e1ae04add0c9,C,True,True,Mon Mar 02 2026 13:01:28 GMT+0000 (Coordinated Universal Time),5,451,25-34,male,high-school,no,3,3,often,0100d27c-5a7d-4bb3-8fb0-e1ae04add0c9,5,Mon Mar 02 2026 13:01:28 GMT+0000 (Coordinated Universal Time),0,
586a3ed4-4dcc-4b9c-9d31-c0d0c2b955fe,b7213d4e-6fe7-4fc4-8d3b-cc0fa91249d0,C,True,True,Mon Mar 02 2026 13:35:17 GMT+0000 (Coordinated Universal Time),59,1670,25-34,female,bachelors,yes,3,1,rarely,b7213d4e-6fe7-4fc4-8d3b-cc0fa91249d0,5,Mon Mar 02 2026 13:35:17 GMT+0000 (Coordinated Universal Time),0,
5eadd082-240c-4c77-ab6b-54d5e2c0bcab,c0ebad7b-4493-4b4e-ae20-7add0021a235,C,True,True,Mon Mar 02 2026 14:09:10 GMT+0000 (Coordinated Universal Time),128,286,25-34,male,high-school,yes,1,3,sometimes,c0ebad7b-4493-4b4e-ae20-7add0021a235,5,Mon Mar 02 2026 14:09:10 GMT+0000 (Coordinated Universal Time),0,
eaaea1b0-f440-4b8c-b9e0-e02ebb848973,5bfb62b1-4ff5-4ed4-8920-a75f1cc434aa,A,True,True,Mon Mar 02 2026 14:45:00 GMT+0000 (Coordinated Universal Time),8,630,45-54,male,bachelors,yes,3,3,sometimes,5bfb62b1-4ff5-4ed4-8920-a75f1cc434aa,5,Mon Mar 02 2026 14:45:00 GMT+0000 (Coordinated Universal Time),0,
